,streetaddress,city,state,zipcode,phonenumber,food_court,gas_station,hearing_aid,vision_center,pharmacy,tire_center,business_center
Alaska_Anchorage,330 W DIMOND BLVD,ANCHORAGE,Alaska,99515-1950,(907) 349-2335,1.0,1.0,1.0,1.0,1.0,1.0,
Alaska_Fairbanks,48 COLLEGE RD,FAIRBANKS,Alaska,99701-1706,(907) 205-3607,1.0,1.0,1.0,1.0,1.0,1.0,
Alaska_Juneau,5225 COMMERCIAL BLVD,JUNEAU,Alaska,99801-7210,(907) 780-6740,1.0,,1.0,1.0,1.0,1.0,
Alaska_NE Anchorage,4125 DEBARR RD,ANCHORAGE,Alaska,99508-3115,(907) 269-9510,1.0,1.0,1.0,1.0,1.0,1.0,
Alabama_Hoover,3650 GALLERIA CIR,HOOVER,Alabama,35244-2346,(205) 909-1039,1.0,1.0,1.0,1.0,1.0,1.0,
Alabama_Huntsville,1205 N. MEMORIAL PKWY,HUNTSVILLE,Alabama,35801-5930,(256) 519-2220,1.0,1.0,1.0,1.0,1.0,1.0,
Alabama_Mobile,1450 TINGLE CIRCLE WEST,MOBILE,Alabama,36606-2632,(251) 308-7030,1.0,1.0,1.0,1.0,1.0,1.0,
Alabama_Montgomery,8251 EASTCHASE PKWY,MONTGOMERY,Alabama,36117-7033,(334) 270-7452,1.0,1.0,1.0,1.0,1.0,1.0,
Arkansas_Little Rock,16901 CHENAL PARKWAY,LITTLE ROCK,Arkansas,72223,(501) 817-8603,1.0,1.0,1.0,1.0,1.0,1.0,
Arizona_Avondale,10000 W MCDOWELL RD,AVONDALE,Arizona,85392-4803,(623) 907-5663,1.0,1.0,1.0,1.0,1.0,1.0,
Arizona_Cave Creek,2450 E BEARDSLEY RD,PHOENIX,Arizona,85050-1300,(480) 375-2850,1.0,1.0,1.0,1.0,1.0,1.0,
Arizona_Chandler,595 S GALLERIA WAY,CHANDLER,Arizona,85226-4932,(480) 375-2051,1.0,1.0,1.0,1.0,1.0,1.0,
Arizona_Gilbert,1415 N ARIZONA AVE,GILBERT,Arizona,85233-1616,(480) 293-0053,1.0,1.0,1.0,1.0,1.0,1.0,
Arizona_Glendale,17550 N 79TH AVE,GLENDALE,Arizona,85308-8711,(623) 776-4003,1.0,1.0,1.0,1.0,1.0,1.0,
Arizona_Mesa,1444 S SOSSAMAN RD,MESA,Arizona,85209-3400,(480) 333-6552,1.0,1.0,1.0,1.0,1.0,1.0,
Arizona_N Phoenix,19001 N 27TH AVE,PHOENIX,Arizona,85027-5036,(623) 293-4400,1.0,1.0,1.0,1.0,1.0,1.0,
Arizona_NW Tucson,3901 W COSTCO DR,TUCSON,Arizona,85741-2864,(520) 797-1980,1.0,1.0,1.0,1.0,1.0,1.0,
Arizona_Paradise Valley,4570 E CACTUS RD,PHOENIX,Arizona,85032-7702,(480) 308-7044,1.0,1.0,1.0,1.0,1.0,1.0,
Arizona_Phoenix Business Center,3801 N 33RD AVE,PHOENIX,Arizona,85017-4508,(480) 293-2123,,1.0,,,,,1.0
Arizona_Prescott,3911 E STATE ROUTE 69,PRESCOTT,Arizona,86301-6717,(928) 541-2203,1.0,1.0,1.0,1.0,1.0,1.0,
Arizona_SE Gilbert,2887 S MARKET ST,GILBERT,Arizona,85295-1303,(480) 366-3950,1.0,1.0,1.0,1.0,1.0,1.0,
Arizona_SW Tucson,1650 E TUCSON MARKETPLACE BLVD,TUCSON,Arizona,85713-6561,(520) 791-7340,1.0,1.0,1.0,1.0,1.0,1.0,
Arizona_Scottsdale,15255 N HAYDEN RD,SCOTTSDALE,Arizona,85260-2507,(480) 948-5040,1.0,1.0,1.0,1.0,1.0,1.0,
Arizona_Surprise,16385 W. WADDELL RD.,SURPRISE,Arizona,85388,(602) 325-1799,1.0,1.0,1.0,1.0,1.0,1.0,
Arizona_Tempe,1445 W ELLIOT RD,TEMPE,Arizona,85284-1103,(480) 496-6651,1.0,1.0,1.0,1.0,1.0,1.0,
Arizona_Thomas Road,4502 E OAK ST,PHOENIX,Arizona,85008-2411,(602) 808-0101,1.0,1.0,1.0,1.0,1.0,1.0,
Arizona_Tucson,6255 EAST GRANT ROAD,TUCSON,Arizona,85712-5834,(520) 886-6377,1.0,1.0,1.0,1.0,1.0,1.0,
California_Alhambra,2207 W COMMONWEALTH AVE,ALHAMBRA,California,91803-1302,(626) 289-7164,1.0,1.0,1.0,1.0,1.0,1.0,
California_Almaden,5301 ALMADEN EXPY,SAN JOSE,California,95118-3603,(408) 723-0964,1.0,,1.0,1.0,1.0,1.0,
California_Antioch,2201 VERNE ROBERTS CIR,ANTIOCH,California,94509-7911,(925) 757-7130,1.0,1.0,1.0,1.0,1.0,1.0,
California_Azusa,1220 W FOOTHILL BLVD,AZUSA,California,91702-2819,(626) 812-7911,1.0,1.0,1.0,1.0,1.0,1.0,
California_Bakersfield,3800 ROSEDALE HWY,BAKERSFIELD,California,93308-6235,(661) 852-2643,1.0,1.0,1.0,1.0,1.0,1.0,
California_Burbank,1051 W BURBANK BLVD,BURBANK,California,91506-1421,(818) 557-3783,1.0,1.0,1.0,1.0,1.0,1.0,
California_Burbank Business Center,11428 SHERMAN WAY,NORTH HOLLYWOOD,California,91605-5807,(818) 423-7082,1.0,,,,,,1.0
California_Cal Expo (Sacramento),1600 EXPO PKWY,SACRAMENTO,California,95815-4228,(916) 830-1078,1.0,1.0,1.0,1.0,1.0,1.0,
California_Carlsbad,951 PALOMAR AIRPORT RD,CARLSBAD,California,92011-1110,(760) 929-0963,1.0,1.0,1.0,1.0,1.0,1.0,
California_Carmel Mountain,12350 CARMEL MOUNTAIN RD,SAN DIEGO,California,92128-4697,(858) 675-0379,1.0,1.0,1.0,1.0,1.0,1.0,
California_Chico,2100 DR MLK JR PKWY,CHICO,California,95928-4422,(530) 332-1742,1.0,1.0,1.0,1.0,1.0,1.0,
California_Chino Hills,13111 PEYTON DR,CHINO HILLS,California,91709-6002,(909) 464-2900,1.0,1.0,1.0,1.0,1.0,1.0,
California_Chula Vista,1130 BROADWAY,CHULA VISTA,California,91911-2707,(619) 205-1501,1.0,1.0,1.0,1.0,1.0,1.0,
California_Citrus Heights,7000 AUBURN BLVD,CITRUS HEIGHTS,California,95621-4342,(916) 560-4003,1.0,1.0,1.0,1.0,1.0,1.0,
California_City Of Industry,17550 CASTLETON ST,CITY OF INDUSTRY,California,91748-1701,(626) 839-3053,1.0,1.0,1.0,1.0,1.0,1.0,
California_Clovis,2270 CLOVIS AVE,CLOVIS,California,93612,(559) 291-3377,1.0,1.0,1.0,1.0,1.0,1.0,
California_Commerce Business Center,6333 TELEGRAPH RD,COMMERCE,California,90040-2513,(323) 767-2640,1.0,1.0,,,,,1.0
California_Concord,2400 MONUMENT BLVD,CONCORD,California,94520-3105,(925) 566-4003,1.0,1.0,1.0,1.0,1.0,1.0,
California_Corona,480 N MCKINLEY ST,CORONA,California,92879-1291,(951) 279-1190,1.0,1.0,1.0,1.0,1.0,1.0,
California_Culver City,13463 WASHINGTON BLVD,MARINA DEL REY,California,90292-5658,(310) 754-2003,1.0,1.0,1.0,1.0,1.0,1.0,
California_Cypress CA,5401 KATELLA AVE,CYPRESS,California,90720-2809,(562) 668-5150,1.0,1.0,1.0,1.0,1.0,1.0,
California_Danville,3150 FOSTORIA WAY,DANVILLE,California,94526-5553,(925) 277-0407,1.0,1.0,1.0,1.0,1.0,1.0,
California_Eastvale,5030 HAMNER AVE,EASTVALE,California,91752-1009,(951) 749-7182,1.0,1.0,1.0,1.0,1.0,1.0,
California_El Camino,1600 EL CAMINO REAL,SOUTH SAN FRANCISCO,California,94080-1206,(650) 757-3003,1.0,1.0,1.0,1.0,1.0,1.0,
California_El Centro,2030 N IMPERIAL AVE,EL CENTRO,California,92243-1323,(760) 353-2380,1.0,1.0,1.0,1.0,1.0,1.0,
California_Elk Grove,7400 ELK GROVE BLVD,ELK GROVE,California,95757-6299,(916) 465-6050,1.0,1.0,1.0,1.0,1.0,1.0,
California_Eureka,1006 W WABASH AVE,EUREKA,California,95501-2121,(707) 441-8750,1.0,1.0,1.0,1.0,1.0,1.0,
California_Fairfield,5101 BUSINESS CENTER DR,FAIRFIELD,California,94534-1624,(707) 864-3816,,1.0,1.0,1.0,1.0,1.0,
California_Folsom,1800 CAVITT DR,FOLSOM,California,95630-6235,(916) 850-1000,1.0,1.0,1.0,1.0,1.0,1.0,
California_Fontana,16505 SIERRA LAKES PKWY,FONTANA,California,92336-1256,(909) 770-5639,1.0,1.0,1.0,1.0,1.0,1.0,
California_Foster City,1001 METRO CENTER BLVD,FOSTER CITY,California,94404-2177,(650) 286-0739,1.0,,1.0,1.0,1.0,1.0,
California_Fountain Valley,17900 NEWHOPE ST,FOUNTAIN VALLEY,California,92708-5404,(714) 338-2183,1.0,1.0,1.0,1.0,1.0,1.0,
California_Fremont,43621 PACIFIC COMMONS BLVD,FREMONT,California,94538-3809,(510) 897-1092,1.0,1.0,1.0,1.0,1.0,1.0,
California_Fresno,4500 W SHAW AVE,FRESNO,California,93722-6200,(559) 271-6511,1.0,1.0,1.0,1.0,1.0,1.0,
California_Fullerton,900 S HARBOR BLVD,FULLERTON,California,92832-3098,(714) 738-7521,1.0,1.0,1.0,1.0,1.0,1.0,
California_Garden Grove,11000 GARDEN GROVE BLVD,GARDEN GROVE,California,92843-1206,(714) 638-6308,1.0,1.0,1.0,1.0,1.0,1.0,
California_Gilroy,7251 CAMINO ARROYO,GILROY,California,95020-7340,(408) 848-0700,1.0,1.0,1.0,1.0,1.0,1.0,
California_Goleta,7095 MARKET PLACE DR,GOLETA,California,93117-5905,(805) 685-3199,1.0,,1.0,1.0,1.0,1.0,
California_Great Oaks,6898 RALEIGH ROAD,SAN JOSE,California,95119-1730,(408) 908-7929,1.0,1.0,1.0,1.0,1.0,1.0,
California_Hanford,2395 E LACEY BLVD,HANFORD,California,93230-4740,(559) 670-6008,1.0,1.0,1.0,1.0,1.0,1.0,
California_Hawthorne,14501 HINDRY AVENUE,HAWTHORNE,California,90250-6748,(310) 727-0403,1.0,1.0,1.0,1.0,1.0,1.0,
California_Hawthorne Business Center,12530 PRAIRIE AVE,HAWTHORNE,California,90250-4638,(310) 220-8826,,1.0,,,,,1.0
California_Hayward,28505 HESPERIAN BLVD,HAYWARD,California,94545-5008,(510) 921-3128,1.0,1.0,1.0,1.0,1.0,1.0,
California_Hayward Business Center,22330 HATHAWAY AVE,HAYWARD,California,94541-4861,(510) 259-6600,,,,,,,1.0
California_Huntington Beach,7562 CENTER AVE,HUNTINGTON BEACH,California,92647-3002,(714) 372-7510,1.0,1.0,1.0,1.0,1.0,1.0,
California_Inglewood,3560 W CENTURY BLVD,INGLEWOOD,California,90303-1201,(310) 242-2777,1.0,1.0,,1.0,1.0,1.0,
California_Irvine,115 TECHNOLOGY DR,IRVINE,California,92618-2408,(949) 453-0435,1.0,1.0,1.0,1.0,1.0,1.0,
California_La Habra,101 N BEACH BLVD,LA HABRA,California,90631-4468,(562) 524-0001,1.0,1.0,1.0,1.0,1.0,1.0,
California_La Mesa,8125 FLETCHER PKWY,LA MESA,California,91942-2934,(619) 667-8504,1.0,1.0,1.0,1.0,1.0,1.0,
California_La Quinta,79795 HIGHWAY 111,LA QUINTA,California,92253-4756,(760) 775-0363,1.0,1.0,1.0,1.0,1.0,1.0,
California_Laguna Marketplace,27220 HEATHER RIDGE RD,LAGUNA NIGUEL,California,92677-3418,(949) 389-8703,1.0,1.0,1.0,1.0,1.0,1.0,
California_Laguna Niguel,27972 CABOT RD,LAGUNA NIGUEL,California,92677-1211,(949) 364-0217,1.0,1.0,,1.0,1.0,1.0,
California_Lake Elsinore,29315 CENTRAL AVE,LAKE ELSINORE,California,92532-2212,(951) 253-6030,1.0,1.0,1.0,1.0,1.0,1.0,
California_Lakewood,340 LAKEWOOD CENTER MALL,LAKEWOOD,California,90712-2409,(562) 295-1508,1.0,1.0,1.0,1.0,1.0,1.0,
California_Lancaster CA,1141 W AVENUE L,LANCASTER,California,93534-7077,(661) 802-4470,1.0,1.0,1.0,1.0,1.0,1.0,
California_Livermore,2800 INDEPENDENCE DR,LIVERMORE,California,94551-7628,(925) 443-6306,1.0,1.0,1.0,1.0,1.0,1.0,
California_Lodi,2680 REYNOLDS RANCH PKWY,LODI,California,95240-6848,(209) 366-7300,1.0,1.0,1.0,1.0,1.0,1.0,
California_Los Feliz,2901 LOS FELIZ BLVD,LOS ANGELES,California,90039-1502,(323) 644-5201,1.0,,1.0,1.0,1.0,1.0,
California_Manteca,2440 DANIELS ST,MANTECA,California,95337-6745,(209) 825-8200,1.0,1.0,1.0,1.0,1.0,1.0,
California_Merced,1445 R ST,MERCED,California,95340-5850,(209) 725-5020,1.0,1.0,1.0,1.0,1.0,1.0,
California_Mission Valley,2345 FENTON PKWY,SAN DIEGO,California,92108-4743,(619) 358-4000,1.0,1.0,1.0,1.0,1.0,1.0,
California_Modesto,3801 PELANDALE AVE,MODESTO,California,95356-8300,(209) 342-4903,1.0,1.0,1.0,1.0,1.0,1.0,
California_Montclair,9404 CENTRAL AVE,MONTCLAIR,California,91763-2421,(909) 575-5004,1.0,1.0,1.0,1.0,1.0,1.0,
California_Monterey Park,2000 MARKET PLACE DR,MONTEREY PARK,California,91755-7402,(323) 890-1904,1.0,1.0,1.0,1.0,1.0,1.0,
California_Morena,4605 MORENA BLVD,SAN DIEGO,California,92117-3650,(858) 270-6920,1.0,1.0,1.0,1.0,1.0,1.0,
California_Moreno Valley,12700 DAY ST,MORENO VALLEY,California,92553-7531,(951) 697-8900,1.0,1.0,1.0,1.0,1.0,1.0,
California_Mountain View,1000 N RENGSTORFF AVE,MOUNTAIN VIEW,California,94043-1716,(650) 988-1841,1.0,,1.0,1.0,1.0,1.0,
California_N Fresno,7100 N ABBY ST,FRESNO,California,93720-2920,(559) 437-3643,1.0,1.0,1.0,1.0,1.0,1.0,
California_NE San Jose,1709 AUTOMATION PKWY,SAN JOSE,California,95131-1866,(408) 678-2150,1.0,1.0,1.0,1.0,1.0,1.0,
California_Northridge,8810 TAMPA AVE,NORTHRIDGE,California,91324-3519,(818) 775-1860,1.0,1.0,1.0,1.0,1.0,1.0,
California_Norwalk CA,12324 HOXIE AVE,NORWALK,California,90650-2266,(562) 929-0826,1.0,1.0,1.0,1.0,1.0,1.0,
California_Novato,300 VINTAGE WAY,NOVATO,California,94945-5007,(415) 899-1332,1.0,,1.0,1.0,1.0,1.0,
California_Ontario Business Center,3680 E GUASTI RD,ONTARIO,California,91761,(909) 789-1221,,,,,,,1.0
California_Oxnard,2001 E VENTURA BLVD,OXNARD,California,93036-1813,(805) 983-4200,1.0,1.0,1.0,1.0,1.0,1.0,
California_Pacoima,13550 PAXTON ST,PACOIMA,California,91331-2352,(818) 272-2700,1.0,1.0,1.0,1.0,1.0,1.0,
California_Palm Desert,72800 DINAH SHORE DR,PALM DESERT,California,92211-0817,(760) 770-2810,1.0,1.0,1.0,1.0,1.0,1.0,
California_Poway,12155 TECH CENTER DR,POWAY,California,92064-7156,(858) 848-2451,1.0,1.0,1.0,1.0,1.0,1.0,
California_Rancho Cordova,11260 WHITE ROCK RD,RANCHO CORDOVA,California,95742-6571,(916) 724-2240,1.0,1.0,1.0,1.0,1.0,1.0,
California_Rancho Cucamonga,11800 4TH ST,RANCHO CUCAMONGA,California,91730-6129,(909) 581-1703,1.0,1.0,1.0,1.0,1.0,1.0,
California_Rancho Del Rey,895 E H ST,CHULA VISTA,California,91910-7807,(619) 656-0826,1.0,1.0,1.0,1.0,1.0,1.0,
California_Redding,1300 DANA DR,REDDING,California,96003-4071,(530) 222-0199,1.0,,1.0,1.0,1.0,1.0,
California_Redwood City,2300 MIDDLEFIELD RD,REDWOOD CITY,California,94063-2854,(650) 568-4040,1.0,1.0,1.0,1.0,1.0,1.0,
California_Richmond CA,4801 CENTRAL AVENUE,RICHMOND,California,94804-5878,(510) 898-2003,1.0,1.0,1.0,1.0,1.0,1.0,
California_Rohnert Park,5901 REDWOOD DR,ROHNERT PARK,California,94928-2076,(707) 540-9113,1.0,1.0,1.0,1.0,1.0,1.0,
California_Roseville CA,6750 STANFORD RANCH RD,ROSEVILLE,California,95678-1907,(916) 789-1485,1.0,1.0,1.0,1.0,1.0,1.0,
California_S San Francisco,451 S AIRPORT BLVD,SOUTH SAN FRANCISCO,California,94080-6909,(650) 872-2021,1.0,1.0,1.0,1.0,1.0,1.0,
California_S San Francisco Business Center,900 DUBUQUE AVE,SOUTH SAN FRANCISCO,California,94080-1805,(650) 784-4047,1.0,,,,,,1.0
California_SE San Diego,650 GATEWAY CENTER DR,SAN DIEGO,California,92102-4530,(619) 358-2303,1.0,1.0,1.0,1.0,1.0,1.0,
California_SW Bakersfield,4900 PANAMA LN,BAKERSFIELD,California,93313-3479,(661) 398-4740,1.0,1.0,1.0,1.0,1.0,1.0,
California_Sacramento,7981 E STOCKTON BLVD,SACRAMENTO,California,95823-9606,(916) 682-3569,1.0,1.0,1.0,1.0,1.0,1.0,
California_Sacramento Business Center,3360 EL CAMINO AVE,SACRAMENTO,California,95821-6308,(916) 426-4556,,,,,,,1.0
California_Salinas,1339 N DAVIS RD,SALINAS,California,93907-1988,(831) 424-4242,1.0,,1.0,1.0,1.0,1.0,
California_San Bernardino,1099 E HOSPITALITY LN,SAN BERNARDINO,California,92408-2836,(909) 478-3445,1.0,1.0,1.0,1.0,1.0,1.0,
California_San Diego Business Center,7803 OTHELLO AVE,SAN DIEGO,California,92111-3709,(858) 810-5833,1.0,,,,,,1.0
California_San Dimas,520 N LONE HILL AVE,SAN DIMAS,California,91773-1725,(909) 962-5507,1.0,1.0,1.0,1.0,1.0,1.0,
California_San Francisco,450 10TH ST,SAN FRANCISCO,California,94103-4304,(415) 626-4388,1.0,,1.0,1.0,1.0,1.0,
California_San Jose,2201 SENTER RD,SAN JOSE,California,95112-2627,(408) 275-0199,1.0,1.0,1.0,1.0,1.0,1.0,
California_San Jose Business Center,2376 S EVERGREEN LOOP,SAN JOSE,California,95122,(669) 236-4679,,,,,,,1.0
California_San Juan Capistrano,33961 DOHENY PARK RD,SAN JUAN CAPISTRANO,California,92675-4836,(949) 240-3558,1.0,1.0,1.0,1.0,1.0,1.0,
California_San Leandro,1900 DAVIS ST,SAN LEANDRO,California,94577-1209,(510) 562-6708,1.0,1.0,1.0,1.0,1.0,1.0,
California_San Luis Obispo,1540 FROOM RANCH WAY,SAN LUIS OBISPO,California,93405-7211,(805) 541-7000,1.0,1.0,1.0,1.0,1.0,1.0,
California_San Marcos,725 CENTER DRIVE,SAN MARCOS,California,92069-3536,(760) 871-6867,1.0,1.0,1.0,1.0,1.0,1.0,
California_San Marcos Business Center,150 S. BENT AVE,SAN MARCOS,California,92078,,,,,,,,
California_Sand City,801 TIOGA AVE,SAND CITY,California,93955-3050,(831) 899-1255,1.0,1.0,1.0,1.0,1.0,1.0,
California_Santa Clara,1601 COLEMAN AVE,SANTA CLARA,California,95050-3100,(408) 567-9000,1.0,1.0,1.0,1.0,1.0,1.0,
California_Santa Clarita,18649 VIA PRINCESSA,SANTA CLARITA,California,91387-4935,(661) 250-2818,1.0,1.0,1.0,1.0,1.0,1.0,
California_Santa Cruz,220 SYLVANIA AVE,SANTA CRUZ,California,95060-2161,(831) 469-0961,1.0,1.0,1.0,1.0,1.0,1.0,
California_Santa Maria,1700 S. BRADLEY RD.,SANTA MARIA,California,93454-8001,(805) 928-8459,1.0,1.0,1.0,1.0,1.0,1.0,
California_Santa Rosa,1900 SANTA ROSA AVE,SANTA ROSA,California,95407-7636,(707) 578-3775,1.0,1.0,1.0,1.0,1.0,1.0,
California_Santee,101 TOWN CENTER PKWY,SANTEE,California,92071-5899,(619) 562-3227,1.0,1.0,1.0,1.0,1.0,1.0,
California_Signal Hill,2200 E WILLOW ST,SIGNAL HILL,California,90755-2132,(562) 427-2537,1.0,1.0,1.0,1.0,1.0,1.0,
California_Simi Valley,2660 PARK CENTER DR,SIMI VALLEY,California,93065-6207,(805) 578-3301,1.0,1.0,1.0,1.0,1.0,1.0,
California_Stockton,1616 E HAMMER LN,STOCKTON,California,95210-4119,(209) 478-2040,1.0,1.0,1.0,1.0,1.0,1.0,
California_Sunnyvale,150 LAWRENCE STATION RD,SUNNYVALE,California,94086-5309,(408) 730-1892,1.0,1.0,1.0,1.0,1.0,1.0,
California_Temecula,26610 YNEZ RD,TEMECULA,California,92591-4697,(951) 719-2000,1.0,1.0,1.0,1.0,1.0,1.0,
California_Torrance,2640 LOMITA BLVD,TORRANCE,California,90505-5214,(310) 891-1020,1.0,1.0,1.0,1.0,1.0,1.0,
California_Tracy,3250 W GRANT LINE RD,TRACY,California,95304-8427,(209) 830-5340,1.0,1.0,1.0,1.0,1.0,1.0,
California_Turlock,2955 N TEGNER RD,TURLOCK,California,95380-9401,(209) 656-5301,1.0,1.0,1.0,1.0,1.0,1.0,
California_Tustin,2700 PARK AVE,TUSTIN,California,92782-2708,(714) 338-1933,1.0,1.0,1.0,1.0,1.0,1.0,
California_Tustin Ranch,2655 EL CAMINO REAL,TUSTIN,California,92782-8918,(714) 838-7895,1.0,,,1.0,1.0,1.0,
California_Ukiah,1275 AIRPORT PARK BLVD,UKIAH,California,95482-7400,(707) 313-8004,1.0,1.0,1.0,1.0,1.0,1.0,
California_Vacaville,1051 HUME WAY,VACAVILLE,California,95687-5558,(707) 453-7343,1.0,1.0,1.0,1.0,1.0,1.0,
California_Vallejo,198 PLAZA DR,VALLEJO,California,94591-3702,(707) 553-6400,1.0,1.0,1.0,1.0,1.0,1.0,
California_Van Nuys,6100 SEPULVEDA BLVD,VAN NUYS,California,91411-2503,(818) 989-5132,1.0,1.0,1.0,1.0,1.0,1.0,
California_Victorville,14555 VALLEY CENTER DR,VICTORVILLE,California,92395-4216,(760) 524-9904,1.0,1.0,1.0,1.0,1.0,1.0,
California_Visalia,1405 W CAMERON AVE,VISALIA,California,93277-9527,(559) 735-2400,1.0,1.0,1.0,1.0,1.0,1.0,
California_Vista,1755 HACIENDA DR,VISTA,California,92081-4546,(760) 631-7255,1.0,1.0,1.0,1.0,1.0,1.0,
California_Westlake Village,5700 LINDERO CANYON RD,WESTLAKE VILLAGE,California,91362-4063,(818) 597-3901,1.0,,1.0,1.0,1.0,1.0,
California_Westminster Business Center,13225 BEACH BLVD,WESTMINSTER,California,92683-9210,(657) 400-7006,,,,,,,1.0
California_Woodland,2299 BRONZE STAR DR,WOODLAND,California,95776-5409,(530) 406-2120,1.0,1.0,1.0,1.0,1.0,1.0,
California_Woodland Hills,21800 VICTORY BLVD,WOODLAND HILLS,California,91367-2227,(818) 884-9099,1.0,1.0,1.0,1.0,1.0,1.0,
California_Yorba Linda,22633 SAVI RANCH PKWY,YORBA LINDA,California,92887-4664,(714) 282-6650,1.0,1.0,1.0,1.0,1.0,1.0,
Colorado_Arvada,5195 WADSWORTH BLVD,ARVADA,Colorado,80002-4617,(303) 463-3603,1.0,1.0,1.0,1.0,1.0,1.0,
Colorado_Aurora,1471 S HAVANA ST,AURORA,Colorado,80012-4013,(303) 750-2116,1.0,1.0,1.0,1.0,1.0,1.0,
Colorado_Denver Business Center,400 S ZUNI ST,DENVER,Colorado,80223-1969,(303) 830-4529,,,,,,,1.0
Colorado_Douglas County,8686 PARK MEADOWS CENTER DR,LITTLETON,Colorado,80124-5129,(303) 708-0012,1.0,1.0,1.0,1.0,1.0,1.0,
Colorado_E Colorado Springs,5885 BARNES RD,COLORADO SPRINGS,Colorado,80922-3512,(719) 591-3002,1.0,1.0,1.0,1.0,1.0,1.0,
Colorado_Gypsum,170 COOLEY MESA RD,GYPSUM,Colorado,81637-9707,(970) 328-7603,1.0,1.0,1.0,1.0,1.0,1.0,
Colorado_Parker,18414 COTTONWOOD DR,PARKER,Colorado,80138-8876,(303) 583-1939,1.0,1.0,1.0,1.0,1.0,1.0,
Colorado_SW Denver,7900 W QUINCY AVE,LITTLETON,Colorado,80123-1350,(303) 933-4931,1.0,1.0,1.0,1.0,1.0,1.0,
Colorado_Sheridan,4000 RIVER POINT PKWY,SHERIDAN,Colorado,80110-3316,(303) 200-1830,1.0,1.0,1.0,1.0,1.0,1.0,
Colorado_Superior,600 MARSHALL RD,SUPERIOR,Colorado,80027-9730,(720) 587-1000,1.0,1.0,1.0,1.0,1.0,1.0,
Colorado_Thornton,16375 N. WASHINGTON ST,THORNTON,Colorado,80023-8907,(303) 474-3247,1.0,1.0,1.0,1.0,1.0,1.0,
Colorado_Timnath,4705 WEITZEL ST,TIMNATH,Colorado,80547-4703,(970) 416-6115,1.0,1.0,1.0,1.0,1.0,1.0,
Colorado_W Colorado Springs,5050 N NEVADA AVE,COLORADO SPRINGS,Colorado,80918-8602,(719) 264-5010,1.0,1.0,1.0,1.0,1.0,1.0,
Colorado_Westminster CO,6400 W 92ND AVE,WESTMINSTER,Colorado,80031-2952,(303) 650-1476,1.0,1.0,1.0,1.0,1.0,1.0,
Connecticut_Brookfield,200 FEDERAL RD,BROOKFIELD,Connecticut,06804-2527,(203) 740-7623,1.0,1.0,1.0,1.0,1.0,1.0,
Connecticut_E Lyme,284 FLANDERS RD,EAST LYME,Connecticut,06333-1710,(860) 691-9647,1.0,1.0,1.0,1.0,1.0,1.0,
Connecticut_Enfield,75 FRESHWATER BLVD,ENFIELD,Connecticut,06082-3854,(860) 394-2000,1.0,1.0,1.0,1.0,1.0,1.0,
Connecticut_Milford,1718 BOSTON POST RD,MILFORD,Connecticut,06460-2718,(203) 882-8881,1.0,1.0,1.0,1.0,1.0,1.0,
Connecticut_New Britain,405 HARTFORD RD,NEW BRITAIN,Connecticut,06053-1507,(860) 893-7001,1.0,1.0,1.0,1.0,1.0,1.0,
Connecticut_Norwalk CT,779 CONNECTICUT AVENUE,NORWALK,Connecticut,06854-1615,(203) 822-2003,1.0,,1.0,1.0,1.0,1.0,
Connecticut_South Windsor,1220 TAMARACK AVE,SOUTH WINDSOR,Connecticut,06074,(860) 474-4031,1.0,1.0,1.0,1.0,1.0,1.0,
Connecticut_Waterbury,3600 E MAIN ST,WATERBURY,Connecticut,06705-3851,(203) 596-9967,1.0,1.0,1.0,1.0,1.0,1.0,
District of Columbia_Washington DC,2441 MARKET ST NE,WASHINGTON,District of Columbia,20018-3840,(202) 269-8540,1.0,,1.0,1.0,1.0,1.0,
Delaware_Christiana,900 CENTER BLVD,NEWARK,Delaware,19702-3221,(302) 894-0511,1.0,1.0,1.0,1.0,1.0,1.0,
Florida_Altamonte Springs,741 ORANGE AVE,ALTAMONTE SPRINGS,Florida,32714-3031,(407) 786-7802,1.0,1.0,1.0,1.0,1.0,1.0,
Florida_Boca Raton,17800 CONGRESS AVE,BOCA RATON,Florida,33487-1200,(561) 981-5004,1.0,1.0,1.0,1.0,1.0,1.0,
Florida_Bradenton,805 LIGHTHOUSE DRIVE,BRADENTON,Florida,34212,(941) 213-0747,1.0,1.0,1.0,1.0,1.0,1.0,
Florida_Brandon,10921 CAUSEWAY BLVD,BRANDON,Florida,33511-1997,(813) 952-0103,1.0,1.0,1.0,1.0,1.0,1.0,
Florida_Clearwater,2655 GULF TO BAY BLVD,CLEARWATER,Florida,33759-4936,(727) 373-1951,1.0,1.0,1.0,1.0,1.0,1.0,
Florida_Coral Springs,4621 CORAL RIDGE DR,CORAL SPRINGS,Florida,33076-2200,(954) 715-8240,1.0,1.0,1.0,1.0,1.0,1.0,
Florida_Davie,1890 S UNIVERSITY DR,DAVIE,Florida,33324-5847,(954) 370-8990,1.0,1.0,1.0,1.0,1.0,1.0,
Florida_E Jacksonville,4901 GATE PKWY,JACKSONVILLE,Florida,32246-4405,(904) 997-7003,1.0,,1.0,1.0,1.0,1.0,
Florida_E Orlando,3333 UNIVERSITY BLVD,WINTER PARK,Florida,32792-7428,(407) 681-2119,1.0,1.0,1.0,1.0,1.0,1.0,
Florida_Estero,10088 GULF CENTER DR,FORT MYERS,Florida,33913-8961,(239) 433-7240,1.0,1.0,1.0,1.0,1.0,1.0,
Florida_Fort Myers,7171 CYPRESS LAKE DR,FORT MYERS,Florida,33907-6521,(239) 415-3806,1.0,1.0,1.0,1.0,1.0,1.0,
Florida_Kendall,13450 SW 120TH ST,MIAMI,Florida,33186-7393,(305) 964-4227,1.0,1.0,1.0,1.0,1.0,1.0,
Florida_Lantana,1873 LANTANA RD,LANTANA,Florida,33462-2698,(561) 533-0958,1.0,1.0,1.0,1.0,1.0,1.0,
Florida_Melbourne,4305 PINEDA CAUSEWAY,MELBOURNE,Florida,32940,(321) 428-2910,1.0,1.0,1.0,1.0,1.0,1.0,
Florida_Miami,7795 WEST FLAGLER STREET,MIAMI,Florida,33144-2359,(786) 482-7135,1.0,1.0,1.0,1.0,1.0,1.0,
Florida_Miami Lakes,16580 NW 59TH AVE,MIAMI LAKES,Florida,33014-5611,(305) 825-9818,1.0,1.0,,1.0,1.0,1.0,
Florida_N Miami,14800 SOLE MIA WAY,NORTH MIAMI,Florida,33181,(305) 944-8711,1.0,1.0,1.0,1.0,1.0,1.0,
Florida_Naples,6275 NAPLES BLVD,NAPLES,Florida,34109-2030,(239) 596-6404,1.0,1.0,1.0,1.0,1.0,1.0,
Florida_Orlando Business Center,2101 WATERBRIDGE BLVD,ORLANDO,Florida,32837-9283,(407) 586-7271,,1.0,,,,,1.0
Florida_Palm Beach Gardens,3250 NORTHLAKE BLVD,PALM BEACH GARDENS,Florida,33403-1702,(561) 776-3052,1.0,1.0,1.0,1.0,1.0,1.0,
Florida_Pembroke Pines,15915 PINES BLVD,PEMBROKE PINES,Florida,33027-1201,(954) 266-3460,1.0,1.0,1.0,1.0,1.0,1.0,
Florida_Pompano,1800 W SAMPLE RD,POMPANO BEACH,Florida,33064-1324,(954) 968-7114,1.0,1.0,1.0,1.0,1.0,1.0,
Florida_Royal Palm Beach,11001 SOUTHERN BLVD,ROYAL PALM BEACH,Florida,33411-4240,(561) 803-8822,1.0,1.0,1.0,1.0,1.0,1.0,
Florida_S Orlando,4696 GARDENS PARK BLVD,ORLANDO,Florida,32839-2171,(407) 586-7221,1.0,1.0,1.0,1.0,1.0,1.0,
Florida_Sarasota Mall,8201 S TAMIAMI TRL UNIT 501,SARASOTA,Florida,34238-2966,(941) 554-2800,1.0,1.0,1.0,1.0,1.0,1.0,
Florida_Tallahassee,4067 LAGNIAPPE WAY,TALLAHASSEE,Florida,32317-1201,(850) 219-2500,1.0,1.0,1.0,1.0,1.0,1.0,
Florida_W Jacksonville,8000 PARRAMORE RD,JACKSONVILLE,Florida,32244-5704,(904) 479-7521,1.0,1.0,1.0,1.0,1.0,1.0,
Florida_W Tampa,8712 W LINEBAUGH AVE,TAMPA,Florida,33625-3713,(813) 616-7001,1.0,1.0,1.0,1.0,1.0,1.0,
Florida_Wesley Chapel,2225 GRAND CYPRESS DR,LUTZ,Florida,33559-6797,(813) 279-7031,1.0,1.0,1.0,1.0,1.0,1.0,
Georgia_Alpharetta,2855 JORDAN CT,ALPHARETTA,Georgia,30004-3869,(678) 823-4950,1.0,1.0,1.0,1.0,1.0,1.0,
Georgia_Augusta,825 CABELA DR,AUGUSTA,Georgia,30909-8202,(706) 739-1700,1.0,1.0,1.0,1.0,1.0,1.0,
Georgia_Brookhaven,500 BROOKHAVEN AVE NE,ATLANTA,Georgia,30319-3291,(404) 460-1915,1.0,1.0,1.0,1.0,1.0,1.0,
Georgia_Cumberland Mall,2900 CUMBERLAND MALL SE,ATLANTA,Georgia,30339-8107,(770) 431-1700,1.0,1.0,1.0,1.0,1.0,1.0,
Georgia_Cumming,1211 BALD RIDGE MARINA RD,CUMMING,Georgia,30041-8484,(470) 239-6610,1.0,1.0,1.0,1.0,1.0,1.0,
Georgia_Dallas GA,1715 CHARLES HARDY PKWY,DALLAS,Georgia,30157,(404) 806-4595,1.0,1.0,1.0,1.0,1.0,1.0,
Georgia_Fort Oglethorpe,100 COBB PKWY,RINGGOLD,Georgia,30736-8566,(706) 891-2579,1.0,1.0,1.0,1.0,1.0,1.0,
Georgia_Gwinnett,3980 VENTURE DR,DULUTH,Georgia,30096-5077,(770) 622-1330,1.0,1.0,1.0,1.0,1.0,1.0,
Georgia_Mall Of Georgia,1550 MALL OF GEORGIA BLVD,BUFORD,Georgia,30519-6551,(678) 288-3009,1.0,1.0,1.0,1.0,1.0,1.0,
Georgia_Morrow Business Center,1700 MOUNT ZION RD,MORROW,Georgia,30260-3014,(678) 201-0003,,1.0,,,,,1.0
Georgia_Perimeter,6350 PEACHTREE DUNWOODY RD,ATLANTA,Georgia,30328-4527,(770) 352-8660,1.0,1.0,1.0,1.0,1.0,1.0,
Georgia_Pooler,200 MOSAIC CIRCLE,POOLER,Georgia,31322,(912) 348-4569,1.0,1.0,1.0,1.0,1.0,1.0,
Georgia_Sharpsburg,40 FISCHER CROSSINGS DR,SHARPSBURG,Georgia,30277,(678) 621-8594,1.0,1.0,1.0,1.0,1.0,1.0,
Georgia_Town Center,645 BARRETT PARKWAY NW,KENNESAW,Georgia,30144-4922,(770) 794-1767,1.0,1.0,1.0,1.0,1.0,1.0,
Georgia_Woodstock,113 LINCOLN ST,WOODSTOCK,Georgia,30188-7800,(770) 694-7193,1.0,1.0,1.0,1.0,1.0,1.0,
Hawaii_Hawaii Kai,333 A KEAHOLE STREET,HONOLULU,Hawaii,96825-3404,(808) 396-5538,1.0,,1.0,1.0,1.0,1.0,
Hawaii_Iwilei,525 ALAKAWA ST,HONOLULU,Hawaii,96817-5764,(808) 526-6100,1.0,1.0,1.0,1.0,1.0,1.0,
Hawaii_Kapolei,4589 KAPOLEI PKWY,KAPOLEI,Hawaii,96707-1879,(808) 674-3900,1.0,1.0,1.0,1.0,1.0,1.0,
Hawaii_Kauai,4300 NUHOU ST.,LIHUE,Hawaii,96766-8002,(808) 241-4000,1.0,1.0,1.0,1.0,1.0,1.0,
Hawaii_Kona,73-5600 MAIAU ST,KAILUA KONA,Hawaii,96740-2630,(808) 331-4800,1.0,1.0,1.0,1.0,1.0,1.0,
Hawaii_Maui,540 HALEAKALA HWY,KAHULUI,Hawaii,96732-2302,(808) 877-5241,1.0,1.0,1.0,1.0,1.0,1.0,
Hawaii_Waipio,94-1231 KA UKA BLVD,WAIPAHU,Hawaii,96797-4495,(808) 678-6103,1.0,1.0,1.0,1.0,1.0,1.0,
Iowa_Coralville,2900 HEARTLAND DR,CORALVILLE,Iowa,52241-2740,(319) 545-3200,1.0,1.0,1.0,1.0,1.0,1.0,
Iowa_Davenport,2790 E 53RD ST,DAVENPORT,Iowa,52807-3007,(563) 893-7004,1.0,1.0,1.0,1.0,1.0,1.0,
Iowa_West Des Moines,7205 MILLS CIVIC PKWY,WEST DES MOINES,Iowa,50266-8140,(515) 222-2920,1.0,1.0,1.0,1.0,1.0,1.0,
Idaho_Boise,2051 S COLE RD,BOISE,Idaho,83709-2815,(208) 321-8700,1.0,1.0,1.0,1.0,1.0,1.0,
Idaho_Coeur D' Alene,355 E NEIDER AVE,COEUR D' ALENE,Idaho,83815-3723,(208) 676-7351,1.0,1.0,1.0,1.0,1.0,1.0,
Idaho_Idaho Falls,2495 E. LINCOLN ROAD,IDAHO FALLS,Idaho,83401,(986) 497-3149,1.0,1.0,1.0,1.0,1.0,1.0,
Idaho_Meridian,3403 W. CHINDEN BLVD,MERIDIAN,Idaho,83646,(986) 200-4136,1.0,1.0,1.0,1.0,1.0,1.0,
Idaho_Nampa,16700 N MARKET PLACE BLVD,NAMPA,Idaho,83687-7909,(208) 465-3800,1.0,1.0,1.0,1.0,1.0,1.0,
Idaho_Pocatello,305 W QUINN RD,POCATELLO,Idaho,83201-4988,(208) 238-4040,1.0,1.0,1.0,1.0,1.0,1.0,
Idaho_Twin Falls,731 POLE LINE RD,TWIN FALLS,Idaho,83301-3036,(208) 736-1550,1.0,1.0,1.0,1.0,1.0,1.0,
Illinois_Bedford Park Business Center,7300 S CICERO AVE,CHICAGO,Illinois,60629-5817,(708) 552-9010,,1.0,,,,,1.0
Illinois_Bloomingdale,505 W ARMY TRAIL RD,BLOOMINGDALE,Illinois,60108-1391,(630) 351-3059,1.0,1.0,1.0,1.0,1.0,1.0,
Illinois_Bolingbrook,830 E BOUGHTON RD,BOLINGBROOK,Illinois,60440-2355,(630) 410-0702,1.0,1.0,1.0,1.0,1.0,1.0,
Illinois_Champaign,2002 N. NEIL ST,CHAMPAIGN,Illinois,61820,(217) 600-6538,1.0,1.0,1.0,1.0,1.0,1.0,
Illinois_Chicago South Loop,1430 S ASHLAND AVE,CHICAGO,Illinois,60608-2040,(312) 492-3609,1.0,1.0,1.0,1.0,1.0,1.0,
Illinois_East Peoria,301 W WASHINGTON ST,EAST PEORIA,Illinois,61611-2036,(309) 427-2930,1.0,1.0,1.0,1.0,1.0,1.0,
Illinois_Glenview,2900 PATRIOT BLVD,GLENVIEW,Illinois,60026-8046,(847) 730-1003,1.0,1.0,1.0,1.0,1.0,1.0,
Illinois_Lake In The Hills,250 N RANDALL RD,LAKE IN THE HILLS,Illinois,60156-5943,(847) 960-9910,1.0,1.0,1.0,1.0,1.0,1.0,
Illinois_Lake Zurich,680 S RAND RD,LAKE ZURICH,Illinois,60047-3409,(847) 540-3050,1.0,1.0,1.0,1.0,1.0,1.0,
Illinois_Lincoln Park,2746 N CLYBOURN AVE,CHICAGO,Illinois,60614-1006,(773) 360-2053,1.0,1.0,1.0,1.0,1.0,1.0,
Illinois_Loves Park,5000 STADIUM DRIVE,LOVES PARK,Illinois,61111,(779) 513-8397,1.0,1.0,1.0,1.0,1.0,1.0,
Illinois_Melrose Park,8400 W NORTH AVE,MELROSE PARK,Illinois,60160-1607,(708) 397-2905,1.0,1.0,1.0,1.0,1.0,1.0,
Illinois_Mettawa,25901 RIVERWOODS RD,METTAWA,Illinois,60045-3403,(847) 235-1302,1.0,1.0,1.0,1.0,1.0,1.0,
Illinois_Mt Prospect,999 N ELMHURST RD,MOUNT PROSPECT,Illinois,60056-1133,(847) 660-2000,1.0,1.0,1.0,1.0,1.0,1.0,
Illinois_NE Naperville,1255 EAST OGDEN AVE,NAPERVILLE,Illinois,60563,(331) 215-5612,1.0,1.0,1.0,1.0,1.0,1.0,
Illinois_Naperville,1320 S ROUTE 59,NAPERVILLE,Illinois,60564-5944,(630) 328-2900,1.0,1.0,1.0,1.0,1.0,1.0,
Illinois_Niles,7311 N MELVINA AVE,NILES,Illinois,60714-3905,(847) 972-3003,1.0,1.0,1.0,1.0,1.0,1.0,
Illinois_North Riverside IL,2500 SOUTH HARLEM AVE,NORTH RIVERSIDE,Illinois,60546-1415,(708) 853-1017,1.0,1.0,1.0,1.0,1.0,1.0,
Illinois_Oak Brook,1901 W 22ND ST,OAK BROOK,Illinois,60523-1785,(630) 928-0235,1.0,1.0,1.0,1.0,1.0,1.0,
Illinois_Orland Park,9915 W 159TH ST,ORLAND PARK,Illinois,60467-4572,(708) 645-5336,1.0,1.0,1.0,1.0,1.0,1.0,
Illinois_Plainfield,16261 S. BOULEVARD PLACE,PLAINFIELD,Illinois,60586,(815) 676-1170,1.0,1.0,1.0,1.0,1.0,1.0,
Illinois_Schaumburg,1375 N MEACHAM RD,SCHAUMBURG,Illinois,60173-4805,(847) 969-0790,1.0,1.0,1.0,1.0,1.0,1.0,
Illinois_St Charles,221 S RANDALL RD,SAINT CHARLES,Illinois,60174-1524,(630) 549-2024,1.0,1.0,1.0,1.0,1.0,1.0,
Indiana_Avon IN,8816 DR. CHARLES NELSON DRIVE,AVON,Indiana,46123,(317) 286-4742,1.0,1.0,1.0,1.0,1.0,1.0,
Indiana_Castleton,6110 E 86TH ST,INDIANAPOLIS,Indiana,46250-3507,(317) 558-1453,1.0,1.0,1.0,1.0,1.0,1.0,
Indiana_Evansville,1201 CROSS POINTE PL,EVANSVILLE,Indiana,47715-9168,(812) 909-6572,1.0,1.0,1.0,1.0,1.0,1.0,
Indiana_Fort Wayne,5110 VALUE DR,FORT WAYNE,Indiana,46808-4048,(260) 481-1100,1.0,1.0,1.0,1.0,1.0,1.0,
Indiana_Fortune Park,9010 MICHIGAN RD,INDIANAPOLIS,Indiana,46268-3184,(317) 532-1608,1.0,1.0,1.0,1.0,1.0,1.0,
Indiana_Merrillville,1310 E 79TH AVE,MERRILLVILLE,Indiana,46410-5768,(219) 641-6400,1.0,1.0,1.0,1.0,1.0,1.0,
Indiana_Mishawaka,625 E UNIVERSITY DR,GRANGER,Indiana,46530-7381,(574) 401-7004,1.0,1.0,1.0,1.0,1.0,1.0,
Indiana_S Indianapolis,4628 E COUNTY LINE RD,INDIANAPOLIS,Indiana,46237-9105,(317) 360-7076,1.0,1.0,1.0,1.0,1.0,1.0,
Kansas_Lenexa,9350 MARSHALL DR,LENEXA,Kansas,66215-3845,(913) 227-3703,1.0,1.0,1.0,1.0,1.0,1.0,
Kansas_Overland Park,12221 BLUE VALLEY PKWY,OVERLAND PARK,Kansas,66213-2640,(913) 217-2050,1.0,1.0,1.0,1.0,1.0,1.0,
Kansas_Wichita,9700 E KELLOGG,WICHITA,Kansas,67207-1821,(316) 226-7142,1.0,1.0,1.0,1.0,1.0,1.0,
Kentucky_Florence,800 HEIGHTS BLVD,FLORENCE,Kentucky,41042-1415,(859) 568-7000,1.0,1.0,1.0,1.0,1.0,1.0,
Kentucky_Lexington,1500 FITZGERALD CT,LEXINGTON,Kentucky,40509-8307,(859) 245-3620,1.0,1.0,1.0,1.0,1.0,1.0,
Kentucky_Louisville,3408 BARDSTOWN RD,LOUISVILLE,Kentucky,40218-4608,(502) 912-9869,1.0,1.0,1.0,1.0,1.0,1.0,
Kentucky_NE Louisville,5020 NORTON HEALTHCARE BLVD,LOUISVILLE,Kentucky,40241-2835,(502) 420-0160,1.0,1.0,1.0,1.0,1.0,1.0,
Louisiana_Baton Rouge,10000 DAWNADELE AVE BLDG A,BATON ROUGE,Louisiana,70809-2591,(225) 295-4600,1.0,1.0,1.0,1.0,1.0,1.0,
Louisiana_Lafayette,201 MEADOW FARM RD,LAFAYETTE,Louisiana,70508-7277,(337) 541-7025,1.0,1.0,1.0,1.0,1.0,1.0,
Louisiana_New Orleans,3900 DUBLIN ST,NEW ORLEANS,Louisiana,70118-4754,(504) 484-5220,1.0,1.0,,1.0,1.0,1.0,
Massachusetts_Avon MA,120 STOCKWELL DR,AVON,Massachusetts,02322-1149,(508) 232-4000,1.0,,1.0,1.0,1.0,1.0,
Massachusetts_Danvers,11 NEWBURY ST,DANVERS,Massachusetts,01923-1014,(978) 750-1000,1.0,1.0,1.0,1.0,1.0,1.0,
Massachusetts_Dedham,200 LEGACY BLVD,DEDHAM,Massachusetts,02026-2653,(781) 251-9975,1.0,1.0,1.0,1.0,1.0,1.0,
Massachusetts_Everett MA,2 MYSTIC VIEW RD,EVERETT,Massachusetts,02149-2428,(617) 544-4806,1.0,,1.0,1.0,1.0,1.0,
Massachusetts_Waltham,71 2ND AVE,WALTHAM,Massachusetts,02451-1107,(781) 622-3883,1.0,,1.0,1.0,1.0,1.0,
Massachusetts_West Springfield,119 DAGGETT DR,WEST SPRINGFIELD,Massachusetts,01089-4672,(413) 747-5518,1.0,1.0,1.0,1.0,1.0,1.0,
Maryland_Arundel Mills,7077 ARUNDEL MILLS CIR,HANOVER,Maryland,21076-1387,(410) 379-3100,1.0,1.0,1.0,1.0,1.0,1.0,
Maryland_Beltsville,10925 BALTIMORE AVE,BELTSVILLE,Maryland,20705-2117,(301) 902-2640,1.0,1.0,1.0,1.0,1.0,1.0,
Maryland_Brandywine,16006 CRAIN HWY,BRANDYWINE,Maryland,20613-8081,(301) 372-3200,1.0,1.0,1.0,1.0,1.0,1.0,
Maryland_Columbia,6675 MARIE CURIE DR,ELKRIDGE,Maryland,21075-6457,(410) 423-4052,1.0,1.0,1.0,1.0,1.0,1.0,
Maryland_Frederick,10 MONOCACY BLVD,FREDERICK,Maryland,21704-7256,(301) 644-1483,1.0,1.0,1.0,1.0,1.0,1.0,
Maryland_Gaithersburg,880 RUSSELL AVE,GAITHERSBURG,Maryland,20879-3506,(301) 417-1500,1.0,,1.0,1.0,1.0,1.0,
Maryland_Glen Burnie,575 E ORDNANCE RD,GLEN BURNIE,Maryland,21060-6575,(410) 590-8603,1.0,1.0,1.0,1.0,1.0,1.0,
Maryland_Owings Mills,10270 MILL RUN CIRCLE,OWINGS MILLS,Maryland,21117,(443) 501-7043,1.0,1.0,1.0,1.0,1.0,1.0,
Maryland_Wheaton,11160 VEIRS MILL RD,WHEATON,Maryland,20902-2538,(301) 692-1330,1.0,,1.0,1.0,1.0,1.0,
Maryland_White Marsh,9919 PULASKI HWY,BALTIMORE,Maryland,21220-1423,(410) 574-7563,1.0,1.0,1.0,1.0,1.0,1.0,
Maryland_Woodmore Towne Centre,2400 FIVE LEES LN,GLENARDEN,Maryland,20706-1617,(301) 341-6742,1.0,1.0,1.0,1.0,1.0,1.0,
Maine_Arundel Mills,7077 ARUNDEL MILLS CIR,HANOVER,Maine,21076-1387,(410) 379-3100,1.0,1.0,1.0,1.0,1.0,1.0,
Maine_Beltsville,10925 BALTIMORE AVE,BELTSVILLE,Maine,20705-2117,(301) 902-2640,1.0,1.0,1.0,1.0,1.0,1.0,
Maine_Brandywine,16006 CRAIN HWY,BRANDYWINE,Maine,20613-8081,(301) 372-3200,1.0,1.0,1.0,1.0,1.0,1.0,
Maine_Columbia,6675 MARIE CURIE DR,ELKRIDGE,Maine,21075-6457,(410) 423-4052,1.0,1.0,1.0,1.0,1.0,1.0,
Maine_Frederick,10 MONOCACY BLVD,FREDERICK,Maine,21704-7256,(301) 644-1483,1.0,1.0,1.0,1.0,1.0,1.0,
Maine_Gaithersburg,880 RUSSELL AVE,GAITHERSBURG,Maine,20879-3506,(301) 417-1500,1.0,,1.0,1.0,1.0,1.0,
Maine_Glen Burnie,575 E ORDNANCE RD,GLEN BURNIE,Maine,21060-6575,(410) 590-8603,1.0,1.0,1.0,1.0,1.0,1.0,
Maine_Owings Mills,10270 MILL RUN CIRCLE,OWINGS MILLS,Maine,21117,(443) 501-7043,1.0,1.0,1.0,1.0,1.0,1.0,
Maine_Wheaton,11160 VEIRS MILL RD,WHEATON,Maine,20902-2538,(301) 692-1330,1.0,,1.0,1.0,1.0,1.0,
Maine_White Marsh,9919 PULASKI HWY,BALTIMORE,Maine,21220-1423,(410) 574-7563,1.0,1.0,1.0,1.0,1.0,1.0,
Maine_Woodmore Towne Centre,2400 FIVE LEES LN,GLENARDEN,Maine,20706-1617,(301) 341-6742,1.0,1.0,1.0,1.0,1.0,1.0,
Michigan_Auburn Hills,400 BROWN RD,AUBURN HILLS,Michigan,48326-1305,(248) 648-0003,1.0,1.0,1.0,1.0,1.0,1.0,
Michigan_Bloomfield,2343 S TELEGRAPH RD,BLOOMFIELD,Michigan,48302-0254,(248) 836-1603,1.0,1.0,1.0,1.0,1.0,1.0,
Michigan_Commerce Township,3000 COMMERCE XING,COMMERCE TOWNSHIP,Michigan,48390-3082,(248) 529-2300,1.0,1.0,1.0,1.0,1.0,1.0,
Michigan_East Lansing,2540 E SAGINAW HIGHWAY,EAST LANSING,Michigan,48823-9719,(517) 903-5000,1.0,1.0,1.0,1.0,1.0,1.0,
Michigan_Grand Rapids,5100 28TH ST SE,GRAND RAPIDS,Michigan,49512-2049,(616) 233-4401,1.0,1.0,1.0,1.0,1.0,1.0,
Michigan_Green Oak Township,6700 WHITMORE LAKE RD,BRIGHTON,Michigan,48116-2160,(810) 220-8950,1.0,1.0,1.0,1.0,1.0,1.0,
Michigan_Haggerty,20000 HAGGERTY RD,LIVONIA,Michigan,48152-1011,(734) 464-6399,1.0,1.0,1.0,1.0,1.0,1.0,
Michigan_Kalamazoo,5100 CENTURY AVE,KALAMAZOO,Michigan,49006-5714,(269) 743-2298,1.0,1.0,1.0,1.0,1.0,1.0,
Michigan_Lakeside,45460 MARKET ST,SHELBY TOWNSHIP,Michigan,48315-6224,(586) 580-2000,1.0,1.0,1.0,1.0,1.0,1.0,
Michigan_Madison Heights,30550 STEPHENSON HWY,MADISON HEIGHTS,Michigan,48071-1611,(248) 616-0048,1.0,1.0,1.0,1.0,1.0,1.0,
Michigan_Middlebelt,13700 MIDDLEBELT RD,LIVONIA,Michigan,48150-2215,(734) 427-0563,1.0,1.0,1.0,1.0,1.0,1.0,
Michigan_Midland,4816 BAY CITY RD,MIDLAND,Michigan,48642,(989) 488-1553,1.0,1.0,1.0,1.0,1.0,1.0,
Michigan_Pittsfield Township,771 AIRPORT BLVD,ANN ARBOR,Michigan,48108-3601,(734) 213-8010,1.0,1.0,1.0,1.0,1.0,1.0,
Michigan_Roseville MI,27118 GRATIOT AVE,ROSEVILLE,Michigan,48066-2915,(586) 447-0191,1.0,1.0,1.0,1.0,1.0,1.0,
Michigan_Traverse City,125 E SOUTH AIRPORT RD,TRAVERSE CITY,Michigan,49686-4864,(231) 252-7000,1.0,1.0,1.0,1.0,1.0,1.0,
Michigan_Wyoming,4901 WILSON AVE SW,WYOMING,Michigan,49418-8788,(616) 406-2651,1.0,1.0,1.0,1.0,1.0,1.0,
Minnesota_Baxter,13650 ELDER DR,BAXTER,Minnesota,56425-8818,(218) 855-5740,1.0,1.0,1.0,1.0,1.0,1.0,
Minnesota_Burnsville,14050 BURNHAVEN DR,BURNSVILLE,Minnesota,55337-4407,(952) 229-6449,1.0,1.0,1.0,1.0,1.0,1.0,
Minnesota_Coon Rapids,12547 RIVERDALE BLVD NW,MINNEAPOLIS,Minnesota,55448-6708,(763) 712-7763,1.0,1.0,1.0,1.0,1.0,1.0,
Minnesota_Duluth,4611 W ARROWHEAD RD.,DULUTH,Minnesota,55811,(218) 600-5978,1.0,1.0,1.0,1.0,1.0,1.0,
Minnesota_Eagan,995 BLUE GENTIAN RD,EAGAN,Minnesota,55121-1542,(612) 439-8060,1.0,1.0,1.0,1.0,1.0,1.0,
Minnesota_Eden Prairie,12011 TECHNOLOGY DR,EDEN PRAIRIE,Minnesota,55344-3620,(952) 943-4801,1.0,1.0,1.0,1.0,1.0,1.0,
Minnesota_Maple Grove,11330 FOUNTAINS DR,MAPLE GROVE,Minnesota,55369-7200,(763) 494-8050,1.0,1.0,1.0,1.0,1.0,1.0,
Minnesota_Maplewood,1431 BEAM AVE,MAPLEWOOD,Minnesota,55109-1064,(612) 486-1740,1.0,1.0,1.0,1.0,1.0,1.0,
Minnesota_Minneapolis Business Center,3311 BROADWAY ST NE,MINNEAPOLIS,Minnesota,55413-4553,(651) 502-7600,,1.0,,,,,1.0
Minnesota_Rochester MN,2020 COMMERCE DR NW,ROCHESTER,Minnesota,55901-3246,(507) 286-1860,1.0,1.0,1.0,1.0,1.0,1.0,
Minnesota_St Cloud,3636 2ND ST S,SAINT CLOUD,Minnesota,56301-3732,(320) 316-9865,1.0,1.0,1.0,1.0,1.0,1.0,
Minnesota_St Louis Park,5801 W 16TH ST,SAINT LOUIS PARK,Minnesota,55416-1446,(763) 582-9603,1.0,1.0,1.0,1.0,1.0,1.0,
Minnesota_Woodbury,7070 TAMARACK ROAD,WOODBURY,Minnesota,55125-1205,(612) 540-5458,1.0,1.0,1.0,1.0,1.0,1.0,
Missouri_Independence,19040 E VALLEY VIEW PKWY,INDEPENDENCE,Missouri,64055-7004,(816) 200-2003,1.0,1.0,1.0,1.0,1.0,1.0,
Missouri_Kansas City,241 E LINWOOD BLVD,KANSAS CITY,Missouri,64111-1119,(816) 216-0003,1.0,1.0,1.0,1.0,1.0,1.0,
Missouri_Manchester MO,301 HIGHLANDS BLVD DRIVE,MANCHESTER,Missouri,63011-4385,(636) 686-7400,1.0,1.0,1.0,1.0,1.0,1.0,
Missouri_N Kansas City,1600 NW 88TH ST,KANSAS CITY,Missouri,64155-2410,(816) 857-7086,1.0,1.0,1.0,1.0,1.0,1.0,
Missouri_S St Louis,4200 RUSTY RD,SAINT LOUIS,Missouri,63128-1973,(314) 894-7950,1.0,1.0,1.0,1.0,1.0,1.0,
Missouri_Springfield,279 N. EASTGATE AVENUE,SPRINGFIELD,Missouri,65802,(417) 512-8939,1.0,1.0,1.0,1.0,1.0,1.0,
Missouri_St Peters,200 COSTCO WAY,SAINT PETERS,Missouri,63376-4385,(636) 970-4004,1.0,1.0,1.0,1.0,1.0,1.0,
Mississippi_Ridgeland,700 HIGHLAND COLONY PKWY,RIDGELAND,Mississippi,39157,(601) 499-8581,1.0,1.0,1.0,1.0,1.0,1.0,
Montana_Billings,2290 KING AVE W,BILLINGS,Montana,59102-7415,(406) 652-8765,1.0,1.0,1.0,1.0,1.0,1.0,
Montana_Bozeman,2505 CATRON ST,BOZEMAN,Montana,59718-7993,(406) 585-0383,1.0,1.0,1.0,1.0,1.0,1.0,
Montana_Helena,2195 E CUSTER AVE,HELENA,Montana,59602-1217,(406) 495-7042,1.0,1.0,1.0,1.0,1.0,1.0,
Montana_Kalispell,2330 US HIGHWAY 93 N,KALISPELL,Montana,59901-2547,(406) 758-2500,1.0,1.0,1.0,1.0,1.0,1.0,
Montana_Missoula,3220 N RESERVE ST,MISSOULA,Montana,59808-1556,(406) 543-6445,1.0,1.0,1.0,1.0,1.0,1.0,
North Carolina_Apex,1021 PINE PLAZA DR,APEX,North Carolina,27523-6406,(919) 331-6027,1.0,1.0,1.0,1.0,1.0,1.0,
North Carolina_Charlotte,500 TYVOLA RD,CHARLOTTE,North Carolina,28217-3504,(704) 501-2403,1.0,1.0,1.0,1.0,1.0,1.0,
North Carolina_Durham,1510 N POINTE DR,DURHAM,North Carolina,27705-3405,(919) 220-2770,1.0,1.0,1.0,1.0,1.0,1.0,
North Carolina_Garner,7800 FAYETTEVILLE RD.,RALEIGH,North Carolina,27603,(984) 810-5030,1.0,1.0,1.0,1.0,1.0,1.0,
North Carolina_Greensboro,4201 W WENDOVER AVE,GREENSBORO,North Carolina,27407-1908,(336) 291-4010,1.0,1.0,1.0,1.0,1.0,1.0,
North Carolina_Matthews,2125 MATTHEWS TOWNSHIP PKWY,MATTHEWS,North Carolina,28105-5766,(704) 321-7440,1.0,1.0,1.0,1.0,1.0,1.0,
North Carolina_Mooresville,392 TALBERT RD,MOORESVILLE,North Carolina,28117,(980) 447-9749,1.0,1.0,1.0,1.0,1.0,1.0,
North Carolina_Raleigh,2838 WAKE FOREST RD,RALEIGH,North Carolina,27609-7840,(919) 755-2801,1.0,1.0,1.0,1.0,1.0,1.0,
North Carolina_Wilmington,5351 GINGERWOOD DR,WILMINGTON,North Carolina,28405-3091,(910) 798-3250,1.0,1.0,1.0,1.0,1.0,1.0,
North Carolina_Winston Salem,1085 HANES MALL BLVD,WINSTON SALEM,North Carolina,27103-1310,(336) 970-2300,1.0,1.0,1.0,1.0,1.0,1.0,
North Dakota_Bismarck,1325 57TH AVE NE,BISMARCK,North Dakota,58503-6581,(701) 415-7003,1.0,1.0,1.0,1.0,1.0,1.0,
North Dakota_West Fargo ND,750 23RD AVE EAST,WEST FARGO,North Dakota,58078-7804,(701) 281-2220,1.0,1.0,1.0,1.0,1.0,1.0,
Nebraska_La Vista,12515 PORTSIDE PARKWAY,LA VISTA,Nebraska,68128-5622,(402) 378-7398,1.0,1.0,1.0,1.0,1.0,1.0,
Nebraska_Lincoln,1620 PINE LAKE ROAD,LINCOLN,Nebraska,68512-3612,(531) 333-7559,1.0,1.0,1.0,1.0,1.0,1.0,
Nebraska_Omaha,12300 W DODGE RD,OMAHA,Nebraska,68154-2382,(402) 952-3240,1.0,1.0,1.0,1.0,1.0,1.0,
New Hampshire_Nashua,311 DANIEL WEBSTER HWY,NASHUA,New Hampshire,03060-5702,(603) 888-3640,1.0,,1.0,1.0,1.0,1.0,
New Jersey_Bayonne,21 GOLDSBOROUGH DR,BAYONNE,New Jersey,07002,(201) 354-2335,1.0,1.0,1.0,1.0,1.0,1.0,
New Jersey_Brick Township,465 ROUTE 70,BRICK,New Jersey,08723-4049,(732) 262-6300,1.0,1.0,1.0,1.0,1.0,1.0,
New Jersey_Bridgewater,325 PROMENADE BLVD,BRIDGEWATER,New Jersey,08807-3457,(732) 584-1003,1.0,,1.0,1.0,1.0,1.0,
New Jersey_Cherry Hill,650 GARDEN PARK BLVD,CHERRY HILL,New Jersey,08002-4250,(856) 406-7430,1.0,1.0,1.0,1.0,1.0,1.0,
New Jersey_Clifton,20 BRIDEWELL PL,CLIFTON,New Jersey,07014-1724,(973) 779-8715,1.0,1.0,1.0,1.0,1.0,1.0,
New Jersey_East Hanover,156 SR-10 WEST,EAST HANOVER,New Jersey,07936-2107,(973) 602-2000,1.0,,1.0,1.0,1.0,1.0,
New Jersey_Edison,205 VINEYARD RD,EDISON,New Jersey,08817-4785,(732) 491-2023,1.0,1.0,1.0,1.0,1.0,1.0,
New Jersey_Flemington,2A WALTER E FORAN BLVD N,FLEMINGTON,New Jersey,08822-1613,(908) 905-7210,1.0,1.0,1.0,1.0,1.0,1.0,
New Jersey_Hackensack Business Center,80 S RIVER ST,HACKENSACK,New Jersey,07601-6954,(201) 296-3044,,,,,,,1.0
New Jersey_Hazlet,2835 ROUTE 35 N,HAZLET,New Jersey,07730-1516,(732) 335-3800,1.0,1.0,1.0,1.0,1.0,1.0,
New Jersey_Manahawkin,245 STAFFORD PARK BLVD,STAFFORD TOWNSHIP,New Jersey,08050-2734,(609) 242-2011,1.0,1.0,1.0,1.0,1.0,1.0,
New Jersey_Marlboro,18 ROUTE 9 NORTH,MORGANVILLE,New Jersey,07751-1526,(732) 617-4340,1.0,1.0,1.0,1.0,1.0,1.0,
New Jersey_Mt Laurel,100 CENTERTON RD,MOUNT LAUREL,New Jersey,08054-6103,(856) 359-3650,1.0,1.0,1.0,1.0,1.0,1.0,
New Jersey_North Brunswick,100 GRAND AVENUE,NORTH BRUNSWICK,New Jersey,08902-5026,(732) 509-3905,1.0,1.0,1.0,1.0,1.0,1.0,
New Jersey_North Plainfield,1290 US HIGHWAY 22E,NORTH PLAINFIELD,New Jersey,07060-3518,(908) 546-5666,1.0,1.0,1.0,1.0,1.0,1.0,
New Jersey_Ocean Township,2361 STATE ROUTE 66,OCEAN,New Jersey,07712-3961,(732) 481-0023,1.0,1.0,1.0,1.0,1.0,1.0,
New Jersey_Princeton,4100 QUAKERBRIDGE RD,LAWRENCE TOWNSHIP,New Jersey,08648-4702,(609) 779-7000,1.0,1.0,1.0,1.0,1.0,1.0,
New Jersey_Teterboro,2 TETERBORO LANDING DR,TETERBORO,New Jersey,07608-1120,(201) 596-7001,1.0,1.0,1.0,1.0,1.0,1.0,
New Jersey_Union,1055 HUDSON ST,UNION,New Jersey,07083-6809,(908) 810-1458,1.0,1.0,1.0,1.0,1.0,1.0,
New Jersey_Wayne,149 STATE ROUTE 23,WAYNE,New Jersey,07470-6933,(973) 339-4006,1.0,1.0,1.0,1.0,1.0,1.0,
New Jersey_Wharton,315 STATE ROUTE 15 N,WHARTON,New Jersey,07885-1222,(973) 659-2000,1.0,1.0,1.0,1.0,1.0,1.0,
New Mexico_Albuquerque,1420 N RENAISSANCE BLVD NE,ALBUQUERQUE,New Mexico,87107-7008,(505) 345-9411,1.0,1.0,1.0,1.0,1.0,1.0,
New Mexico_NW Albuquerque,9955 COORS BYPASS NW,ALBUQUERQUE,New Mexico,87114-6196,(505) 922-7400,1.0,1.0,1.0,1.0,1.0,1.0,
New Mexico_SE Albuquerque,500 EUBANK BLVD SE,ALBUQUERQUE,New Mexico,87123-3338,(505) 332-6603,1.0,1.0,1.0,1.0,1.0,1.0,
Nevada_Carson City,700 OLD CLEAR CREEK RD,CARSON CITY,Nevada,89705-6853,(775) 881-2503,1.0,1.0,1.0,1.0,1.0,1.0,
Nevada_Centennial,6555 N. DECATUR BLVD,LAS VEGAS,Nevada,89131-2796,(702) 415-2300,1.0,1.0,1.0,1.0,1.0,1.0,
Nevada_Henderson,791 MARKS ST,HENDERSON,Nevada,89014-8601,(702) 352-2000,1.0,1.0,1.0,1.0,1.0,1.0,
Nevada_Las Vegas Business Center,222 S MARTIN L KING BLVD,LAS VEGAS,Nevada,89106-4305,(702) 384-6247,,1.0,,,,,1.0
Nevada_Reno,2200 HARVARD WAY,RENO,Nevada,89502-4000,(775) 689-2200,1.0,1.0,1.0,1.0,1.0,1.0,
Nevada_SW Henderson,3411 SAINT ROSE PKWY,HENDERSON,Nevada,89052-4570,(702) 803-7044,1.0,1.0,1.0,1.0,1.0,1.0,
Nevada_Sparks,4810 GALLERIA PKWY,SPARKS,Nevada,89436-9605,(775) 356-4400,1.0,1.0,1.0,1.0,1.0,1.0,
Nevada_Summerlin,801 S PAVILION CENTER DR,LAS VEGAS,Nevada,89144-4566,(702) 352-2053,1.0,1.0,1.0,1.0,1.0,1.0,
New York_Brooklyn,976 3RD AVE,BROOKLYN,New York,11232-2400,(718) 965-7603,1.0,,1.0,1.0,1.0,,
New York_Commack,10 GARET PL,COMMACK,New York,11725-5421,(631) 462-3900,1.0,,1.0,1.0,1.0,1.0,
New York_Holbrook,125 BEACON DR,HOLBROOK,New York,11741-4309,(631) 244-0292,1.0,1.0,1.0,1.0,1.0,1.0,
New York_Lawrence,605 ROCKAWAY TPKE,LAWRENCE,New York,11559-1029,(516) 371-2017,1.0,,1.0,1.0,1.0,1.0,
New York_Manhattan,517 E 117TH ST,NEW YORK,New York,10035-4409,(212) 896-5875,1.0,,1.0,1.0,1.0,,
New York_Melville,625 BROADHOLLOW RD,MELVILLE,New York,11747-5007,(631) 293-8707,1.0,,1.0,1.0,1.0,1.0,
New York_Nanuet,50 OVERLOOK BLVD,NANUET,New York,10954-5292,(845) 425-1469,1.0,1.0,1.0,1.0,1.0,1.0,
New York_Nesconset,3000 MIDDLE COUNTRY RD,NESCONSET,New York,11767-1072,(631) 366-1504,1.0,,1.0,1.0,1.0,1.0,
New York_New Rochelle,1 INDUSTRIAL LN,NEW ROCHELLE,New York,10805-1203,(914) 235-2233,1.0,1.0,1.0,1.0,1.0,1.0,
New York_Oceanside,3705 HAMPTON RD,OCEANSIDE,New York,11572-4808,(516) 259-7002,1.0,1.0,1.0,1.0,1.0,1.0,
New York_Port Chester,1 WESTCHESTER AVE,PORT CHESTER,New York,10573-4343,(914) 935-3103,1.0,,1.0,1.0,1.0,1.0,
New York_Queens,3250 VERNON BLVD,LONG ISLAND CITY,New York,11106-4927,(718) 267-3680,1.0,,,1.0,1.0,1.0,
New York_Rego Park,6135 JUNCTION BLVD,REGO PARK,New York,11374-2772,(718) 760-2180,1.0,,1.0,1.0,1.0,,
New York_Riverhead,1768 OLD COUNTRY RD,RIVERHEAD,New York,11901-3146,(631) 655-0110,1.0,1.0,1.0,1.0,1.0,1.0,
New York_Rochester NY,335 WESTFALL ROAD,ROCHESTER,New York,14620-4603,(585) 471-6906,1.0,1.0,1.0,1.0,1.0,1.0,
New York_Staten Island,2975 RICHMOND AVE,STATEN ISLAND,New York,10314-5851,(718) 982-9525,1.0,1.0,1.0,1.0,1.0,1.0,
New York_Syracuse,120 TOWNSHIP BLVD,CAMILLUS,New York,13031-1659,(315) 883-2361,1.0,1.0,1.0,1.0,1.0,1.0,
New York_Westbury,1250 OLD COUNTRY RD,WESTBURY,New York,11590-5641,(516) 683-8300,1.0,,1.0,1.0,1.0,1.0,
New York_Yonkers,20 STEW LEONARD DR,YONKERS,New York,10710-7204,(914) 595-1003,1.0,,1.0,1.0,1.0,1.0,
Ohio_Avon OH,35804 DETROIT ROAD,AVON,Ohio,44011-1681,(440) 930-0103,1.0,1.0,1.0,1.0,1.0,1.0,
Ohio_Boston Heights,6720 BASS PRO DR,BOSTON HEIGHTS,Ohio,44236-1198,(330) 341-7000,1.0,1.0,1.0,1.0,1.0,1.0,
Ohio_Centerville,5300 CORNERSTONE NORTH BLVD,CENTERVILLE,Ohio,45440-2268,(937) 640-6000,1.0,1.0,1.0,1.0,1.0,1.0,
Ohio_Columbus,1500 GEMINI PL,COLUMBUS,Ohio,43240-7002,(614) 987-1900,1.0,1.0,1.0,1.0,1.0,1.0,
Ohio_Deerfield,9691 WATERSTONE BLVD,CINCINNATI,Ohio,45249-8220,(513) 774-0024,1.0,1.0,1.0,1.0,1.0,1.0,
Ohio_Easton OH,3888 STELZER RD,COLUMBUS,Ohio,43219-3044,(614) 934-6211,1.0,1.0,1.0,1.0,1.0,1.0,
Ohio_Mayfield Heights,1409 GOLDEN GATE BLVD,CLEVELAND,Ohio,44124-1808,(440) 544-1350,1.0,1.0,1.0,1.0,1.0,1.0,
Ohio_NW Columbus,7300 STATE ROUTE 161 E,PLAIN CITY,Ohio,43064-9276,(614) 733-5002,1.0,1.0,1.0,1.0,1.0,1.0,
Ohio_Perrysburg,26400 DIXIE HWY,PERRYSBURG,Ohio,43551-1967,(567) 368-6000,1.0,1.0,1.0,1.0,1.0,1.0,
Ohio_Springdale,1100 E KEMPER RD,SPRINGDALE,Ohio,45246-3321,(513) 346-7943,1.0,1.0,1.0,1.0,1.0,1.0,
Ohio_Strongsville,16690 ROYALTON RD,STRONGSVILLE,Ohio,44136-4433,(440) 783-3415,1.0,1.0,1.0,1.0,1.0,1.0,
Ohio_Toledo,3405 W CENTRAL AVE,TOLEDO,Ohio,43606-1402,(419) 381-5000,1.0,1.0,1.0,1.0,1.0,1.0,
Oklahoma_Moore,2651 S. TELEPHONE RD,MOORE,Oklahoma,73160-0008,(405) 300-7661,1.0,1.0,1.0,1.0,1.0,1.0,
Oklahoma_Oklahoma City,13200 N WESTERN AVE,OKLAHOMA CITY,Oklahoma,73114,(405) 832-5102,1.0,1.0,1.0,1.0,1.0,1.0,
Oklahoma_Tulsa,10220 S MEMORIAL DR,TULSA,Oklahoma,74133-7179,(918) 710-2220,1.0,1.0,1.0,1.0,1.0,1.0,
Oregon_Albany,3130 KILLDEER AVE SE,ALBANY,Oregon,97322-5359,(541) 918-7043,1.0,1.0,1.0,1.0,1.0,1.0,
Oregon_Aloha,15901 SW JENKINS RD,ALOHA,Oregon,97006-5098,(503) 644-7615,1.0,1.0,1.0,1.0,1.0,1.0,
Oregon_Bend,2500 NE HIGHWAY 20,BEND,Oregon,97701-6277,(541) 385-9640,1.0,,1.0,1.0,1.0,1.0,
Oregon_Central Point,3075 HAMRICK ROAD,CENTRAL POINT,Oregon,97502-2844,(541) 734-4227,1.0,1.0,1.0,1.0,1.0,1.0,
Oregon_Clackamas,13130 SE 84TH AVE,CLACKAMAS,Oregon,97015-9733,(503) 794-5500,1.0,1.0,1.0,1.0,1.0,1.0,
Oregon_Eugene,2828 CHAD DR,EUGENE,Oregon,97408-7337,(541) 683-8126,1.0,1.0,1.0,1.0,1.0,1.0,
Oregon_Hillsboro,1255 NE 48TH AVE,HILLSBORO,Oregon,97124-5008,(503) 681-2800,1.0,1.0,1.0,1.0,1.0,1.0,
Oregon_Portland,4849 NE 138TH AVE,PORTLAND,Oregon,97230-3401,(503) 252-2243,1.0,1.0,1.0,1.0,1.0,1.0,
Oregon_Roseburg,4141 NE STEPHENS ST,ROSEBURG,Oregon,97470-1161,(541) 378-0020,1.0,1.0,1.0,1.0,1.0,1.0,
Oregon_Salem,1010 HAWTHORNE AVE SE,SALEM,Oregon,97301-5090,(503) 371-1729,1.0,1.0,1.0,1.0,1.0,,
Oregon_Tigard,7850 SW DARTMOUTH ST,TIGARD,Oregon,97223-8401,(503) 639-0811,1.0,1.0,1.0,1.0,1.0,1.0,
Oregon_Warrenton,1804 SE ENSIGN LN,WARRENTON,Oregon,97146-7339,(503) 338-4103,1.0,1.0,1.0,1.0,1.0,1.0,
Oregon_Wilsonville,25900 SW HEATHER PL,WILSONVILLE,Oregon,97070-5785,(503) 825-4003,1.0,1.0,1.0,1.0,1.0,1.0,
Pennsylvania_Allentown,791 N KROCKS RD,ALLENTOWN,Pennsylvania,18106-9046,(484) 273-7056,1.0,1.0,1.0,1.0,1.0,1.0,
Pennsylvania_Bucks County,100 VETERANS WAY,WARMINSTER,Pennsylvania,18974-3533,(215) 347-1950,1.0,1.0,1.0,1.0,1.0,1.0,
Pennsylvania_Concordville,700 EVERGREEN DR,GLEN MILLS,Pennsylvania,19342-2102,(610) 387-2205,1.0,1.0,1.0,1.0,1.0,1.0,
Pennsylvania_Cranberry Township,1050 CRANBERRY SQUARE DR,CRANBERRY TOWNSHIP,Pennsylvania,16066-6142,(724) 778-6300,1.0,1.0,1.0,1.0,1.0,1.0,
Pennsylvania_Harrisburg,5125 JONESTOWN RD STE 221,HARRISBURG,Pennsylvania,17112-2983,(717) 412-2050,1.0,1.0,1.0,1.0,1.0,1.0,
Pennsylvania_Homestead,501 WATERFRONT DR W,HOMESTEAD,Pennsylvania,15120-5009,(412) 205-1000,1.0,1.0,1.0,1.0,1.0,1.0,
Pennsylvania_King Of Prussia,201 ALLENDALE RD,KING OF PRUSSIA,Pennsylvania,19406-1634,(610) 337-6601,1.0,,1.0,1.0,1.0,1.0,
Pennsylvania_Lancaster PA,1875 HEMPSTEAD RD,LANCASTER,Pennsylvania,17601-5671,(717) 396-8460,1.0,1.0,1.0,1.0,1.0,1.0,
Pennsylvania_Montgomeryville,740 UPPER STATE RD,NORTH WALES,Pennsylvania,19454-1403,(215) 353-4153,1.0,1.0,1.0,1.0,1.0,1.0,
Pennsylvania_Robinson,202 COSTCO DR,PITTSBURGH,Pennsylvania,15205-4858,(412) 490-2204,1.0,1.0,1.0,1.0,1.0,1.0,
Pennsylvania_Sanatoga,14 W LIGHTCAP RD,POTTSTOWN,Pennsylvania,19464-3413,(610) 569-4137,1.0,1.0,1.0,1.0,1.0,1.0,
Puerto Rico_Caguas,"200 AVE RAFAEL CORDERO, PR#30",CAGUAS,Puerto Rico,00725-4302,(787) 653-6930,1.0,,1.0,1.0,1.0,1.0,
Puerto Rico_Carolina,1185 AVE 65 INFANTERIA,SAN JUAN,Puerto Rico,00924-3403,(787) 999-7230,1.0,1.0,1.0,1.0,1.0,1.0,
Puerto Rico_E Bayamon,125 CALLE A,BAYAMON,Puerto Rico,00959,(787) 993-9303,1.0,,1.0,1.0,1.0,1.0,
Puerto Rico_W Bayamon,"PR-2, KM 15.5",BAYAMON,Puerto Rico,00961,(787) 474-6930,1.0,,1.0,1.0,1.0,1.0,
Rhode Island_Caguas,"200 AVE RAFAEL CORDERO, PR#30",CAGUAS,Rhode Island,00725-4302,(787) 653-6930,1.0,,1.0,1.0,1.0,1.0,
Rhode Island_Carolina,1185 AVE 65 INFANTERIA,SAN JUAN,Rhode Island,00924-3403,(787) 999-7230,1.0,1.0,1.0,1.0,1.0,1.0,
Rhode Island_E Bayamon,125 CALLE A,BAYAMON,Rhode Island,00959,(787) 993-9303,1.0,,1.0,1.0,1.0,1.0,
Rhode Island_W Bayamon,"PR-2, KM 15.5",BAYAMON,Rhode Island,00961,(787) 474-6930,1.0,,1.0,1.0,1.0,1.0,
South Carolina_Charleston,3050 ASHLEY TOWN CENTER DR,CHARLESTON,South Carolina,29414-5664,(843) 460-2003,1.0,1.0,1.0,1.0,1.0,1.0,
South Carolina_Columbia,507 PINEY GROVE RD,COLUMBIA,South Carolina,29210-3405,(803) 875-7130,1.0,1.0,1.0,1.0,1.0,1.0,
South Carolina_Greenville,1021 WOODRUFF RD,GREENVILLE,South Carolina,29607-4108,(864) 297-2560,1.0,1.0,1.0,1.0,1.0,1.0,
South Carolina_Mt Pleasant,3525 PARK AVENUE BLVD,MOUNT PLEASANT,South Carolina,29466-7242,(843) 375-7021,1.0,1.0,1.0,1.0,1.0,1.0,
South Carolina_Myrtle Beach,1021 OAK FOREST LN,MYRTLE BEACH,South Carolina,29577-9795,(843) 839-6604,1.0,1.0,1.0,1.0,1.0,1.0,
South Carolina_Spartanburg,211 W BLACKSTOCK RD,SPARTANBURG,South Carolina,29301-1382,(864) 515-4942,1.0,1.0,1.0,1.0,1.0,1.0,
South Dakota_Sioux Falls,3700 S GRANGE AVE,SIOUX FALLS,South Dakota,57105-6359,(605) 988-9140,1.0,1.0,1.0,1.0,1.0,1.0,
Tennessee_Brentwood,98 SEABOARD LN,BRENTWOOD,Tennessee,37027-2930,(615) 493-1003,1.0,1.0,1.0,1.0,1.0,1.0,
Tennessee_Farragut,10745 KINGSTON PIKE,KNOXVILLE,Tennessee,37934-3002,(865) 218-7700,1.0,1.0,1.0,1.0,1.0,1.0,
Tennessee_Murfreesboro,1524 BEASIE RD,MURFREESBORO,Tennessee,37128,(615) 439-2639,1.0,1.0,1.0,1.0,1.0,1.0,
Tennessee_NE Memphis,2431 N GERMANTOWN PKWY,CORDOVA,Tennessee,38016-4494,(901) 214-0003,1.0,1.0,1.0,1.0,1.0,1.0,
Tennessee_SE Memphis,3775 HACKS CROSS RD,MEMPHIS,Tennessee,38125-2302,(901) 214-0054,1.0,1.0,1.0,1.0,1.0,1.0,
Tennessee_W Nashville,6670 CHARLOTTE PIKE,NASHVILLE,Tennessee,37209-4202,(615) 354-5100,1.0,1.0,1.0,1.0,1.0,1.0,
Texas_Arlington,600 W ARBROOK BLVD,ARLINGTON,Texas,76014-3702,(817) 417-1603,1.0,1.0,1.0,1.0,1.0,1.0,
Texas_Austin,10401 RESEARCH BLVD,AUSTIN,Texas,78759-5712,(512) 634-2253,1.0,1.0,1.0,1.0,1.0,1.0,
Texas_Bunker Hill,1150 BUNKER HILL RD,HOUSTON,Texas,77055-6208,(713) 576-2053,1.0,1.0,1.0,1.0,1.0,1.0,
Texas_Cedar Park TX,4601 183A TOLL RD,CEDAR PARK,Texas,78613-6310,(512) 690-9059,1.0,1.0,1.0,1.0,1.0,1.0,
Texas_Cypress TX,26960 NW FREEWAY,CYPRESS,Texas,77433-4934,(832) 653-4576,1.0,1.0,1.0,1.0,1.0,1.0,
Texas_Dallas,8055 CHURCHILL WAY,DALLAS,Texas,75251-2149,(469) 680-7546,1.0,1.0,1.0,1.0,1.0,1.0,
Texas_Dallas Business Center,8282 PARK LN,DALLAS,Texas,75231-6023,(469) 498-6623,,,,,,,1.0
Texas_Duncanville,250 W HIGHWAY 67,DUNCANVILLE,Texas,75137-4415,(469) 221-8113,1.0,1.0,1.0,1.0,1.0,1.0,
Texas_E Plano,3800 N CENTRAL EXPY,PLANO,Texas,75074-2221,(972) 244-0003,1.0,1.0,1.0,1.0,1.0,1.0,
Texas_El Paso,6101 GATEWAY BLVD W SUITE #1,EL PASO,Texas,79925-3430,(915) 774-5203,1.0,1.0,1.0,1.0,1.0,1.0,
Texas_Fort Worth,5300 OVERTON RIDGE BLVD,FORT WORTH,Texas,76132-3301,(817) 210-0003,1.0,1.0,1.0,1.0,1.0,1.0,
Texas_Frisco,11220 DALLAS PKWY,FRISCO,Texas,75033-4102,(469) 200-7116,1.0,1.0,1.0,1.0,1.0,1.0,
Texas_Galleria,3836 RICHMOND AVE,HOUSTON,Texas,77027-5802,(832) 325-5850,1.0,1.0,1.0,1.0,1.0,1.0,
Texas_Humble,21802 TOWNSEN BLVD W.,HUMBLE,Texas,77338-1594,(281) 707-7051,1.0,1.0,1.0,1.0,1.0,1.0,
Texas_Lewisville,851 STATE HIGHWAY 121 BYP,LEWISVILLE,Texas,75067-4158,(469) 948-1026,1.0,1.0,1.0,1.0,1.0,1.0,
Texas_Lubbock TX,6020 34TH ST,LUBBOCK,Texas,79407-3102,(806) 784-1450,1.0,1.0,1.0,1.0,1.0,1.0,
Texas_McKinney,3650 W UNIVERSITY DR,MCKINNEY,Texas,75071-2934,(469) 347-6421,1.0,1.0,1.0,1.0,1.0,1.0,
Texas_N Fort Worth,8900 TEHAMA RIDGE PKWY,FORT WORTH,Texas,76177-2004,(817) 806-9833,1.0,1.0,1.0,1.0,1.0,1.0,
Texas_NW San Antonio,5611 UTSA BLVD,SAN ANTONIO,Texas,78249-1619,(210) 200-2050,1.0,1.0,1.0,1.0,1.0,1.0,
Texas_Pearland,3500 BUSINESS CENTER DRIVE,PEARLAND,Texas,77584-1952,(281) 707-7001,1.0,1.0,1.0,1.0,1.0,1.0,
Texas_Pflugerville,1901 KELLY LN,PFLUGERVILLE,Texas,78660-5976,(737) 888-6037,1.0,1.0,1.0,1.0,1.0,1.0,
Texas_Pharr,1501 W KELLY AVE,PHARR,Texas,78577-5031,(956) 354-3900,1.0,1.0,1.0,1.0,1.0,1.0,
Texas_Rockwall,1225 STATE HIGHWAY 276,ROCKWALL,Texas,75032-9376,(972) 772-1602,1.0,1.0,1.0,1.0,1.0,1.0,
Texas_S Austin,4301 W WILLIAM CANNON DR BLDG A STE,AUSTIN,Texas,78749-1499,(512) 382-3013,1.0,,1.0,1.0,1.0,1.0,
Texas_Selma,15330 IH-35 NORTH,SELMA,Texas,78154-3814,(210) 332-1072,1.0,1.0,1.0,1.0,1.0,1.0,
Texas_Sonterra Park,1201 N LOOP 1604 E,SAN ANTONIO,Texas,78232-1322,(210) 403-4703,1.0,,1.0,1.0,1.0,1.0,
Texas_Southlake,2601 E STATE HIGHWAY 114,SOUTHLAKE,Texas,76092-6668,(817) 749-2800,1.0,1.0,1.0,1.0,1.0,1.0,
Texas_Stafford Business Center,12717 NETWORK DR,STAFFORD,Texas,77477,(346) 309-3871,,,,,,,1.0
Texas_Sugar Land,17520 SOUTHWEST FWY,SUGAR LAND,Texas,77479-2359,(281) 566-6720,1.0,1.0,1.0,1.0,1.0,1.0,
Texas_W Katy,23645 KATY FREEWAY,KATY,Texas,77494-7221,(281) 347-9900,1.0,1.0,1.0,1.0,1.0,1.0,
Texas_W Plano,1701 DALLAS PKWY,PLANO,Texas,75093-4520,(972) 246-2203,1.0,1.0,1.0,1.0,1.0,1.0,
Texas_W San Antonio,191 W LOOP 1604 S,SAN ANTONIO,Texas,78245-4191,(210) 868-6725,1.0,1.0,1.0,1.0,1.0,1.0,
Texas_Webster,1310 JASMINE AVE,WEBSTER,Texas,77598,(281) 707-7750,1.0,1.0,1.0,1.0,1.0,1.0,
Texas_Willowbrook,12405 N GESSNER RD,HOUSTON,Texas,77064-1170,(832) 912-2353,1.0,1.0,1.0,1.0,1.0,1.0,
Texas_Woodlands,8185 HIGHWAY 242,CONROE,Texas,77385-4365,(936) 703-2295,1.0,1.0,1.0,1.0,1.0,1.0,
Utah_Bountiful,573 W 100 N,WEST BOUNTIFUL,Utah,84010-7018,(801) 299-3940,1.0,1.0,1.0,1.0,1.0,1.0,
Utah_Lehi,198 N 1200 E,LEHI,Utah,84043-2294,(801) 653-2700,1.0,1.0,1.0,1.0,1.0,1.0,
Utah_Murray,5201 S INTERMOUNTAIN DR,MURRAY,Utah,84107-6024,(801) 290-4200,1.0,1.0,1.0,1.0,1.0,1.0,
Utah_Orem,648 E 800 S,OREM,Utah,84097-6528,(801) 851-5003,1.0,1.0,1.0,1.0,1.0,1.0,
Utah_Riverton,13126 S. EAGLES FLIGHT RD,RIVERTON,Utah,84096,,,,,,,,
Utah_Salt Lake City,1818 S 300 W,SALT LAKE CITY,Utah,84115-1805,(801) 485-9715,1.0,1.0,1.0,1.0,1.0,1.0,1.0
Utah_Sandy,11100 S AUTO MALL DR,SANDY,Utah,84070-4171,(801) 790-0003,1.0,1.0,1.0,1.0,1.0,1.0,
Utah_Saratoga Springs,1083 N REDWOOD RD.,SARATOGA SPRINGS,Utah,84045,(801) 407-4194,1.0,1.0,1.0,1.0,1.0,1.0,
Utah_South Jordan,3571 W 10400 S,SOUTH JORDAN,Utah,84095-7173,(801) 523-5287,1.0,1.0,1.0,1.0,1.0,1.0,
Utah_South Ogden,3656 WALL AVE,OGDEN,Utah,84405-7101,(801) 317-3953,1.0,1.0,1.0,1.0,1.0,1.0,
Utah_Spanish Fork,273 E 1000 N,SPANISH FORK,Utah,84660-5844,(801) 504-9530,1.0,1.0,1.0,1.0,1.0,1.0,
Utah_St George,835 N 3050 E,SAINT GEORGE,Utah,84790-9041,(435) 256-0003,1.0,1.0,1.0,1.0,1.0,1.0,
Utah_West Valley,3747 S 2700 W,SALT LAKE CITY,Utah,84119-3721,(801) 996-9008,1.0,1.0,1.0,1.0,1.0,1.0,
Virginia_Chantilly,14390 CHANTILLY CROSSING LN,CHANTILLY,Virginia,20151-2117,(703) 885-5544,1.0,1.0,1.0,1.0,1.0,1.0,
Virginia_Charlottesville,3171 DISTRICT AVE,CHARLOTTESVILLE,Virginia,22901-2784,(434) 328-7023,1.0,1.0,1.0,1.0,1.0,1.0,
Virginia_Chesterfield,1401 MALL DR,NORTH CHESTERFIELD,Virginia,23235-4887,(804) 464-9110,1.0,1.0,1.0,1.0,1.0,1.0,
Virginia_Fairfax,4725 W OX RD,FAIRFAX,Virginia,22030-6125,(703) 332-3200,1.0,1.0,1.0,1.0,1.0,1.0,
Virginia_Fredericksburg,3102 PLANK RD # 600,FREDERICKSBURG,Virginia,22407-4954,(540) 785-1160,1.0,1.0,1.0,1.0,1.0,1.0,
Virginia_Harrisonburg,1830 RESERVOIR ST,HARRISONBURG,Virginia,22801-8742,(540) 432-8989,1.0,1.0,1.0,1.0,1.0,1.0,
Virginia_Leesburg,1300 EDWARDS FERRY RD NE,LEESBURG,Virginia,20176-3355,(703) 669-5061,1.0,1.0,1.0,1.0,1.0,1.0,
Virginia_Manassas,10701 SUDLEY MANOR DR,MANASSAS,Virginia,20109-2845,(703) 368-7579,1.0,1.0,1.0,1.0,1.0,1.0,
Virginia_Mt Vernon,7940 RICHMOND HWY,ALEXANDRIA,Virginia,22306-7826,(571) 458-3500,1.0,1.0,1.0,1.0,1.0,1.0,
Virginia_Newington,7373 BOSTON BLVD,SPRINGFIELD,Virginia,22153-2805,(703) 912-1203,1.0,,1.0,1.0,1.0,1.0,
Virginia_Newport News,12121 JEFFERSON AVE,NEWPORT NEWS,Virginia,23602-6916,(757) 746-2003,1.0,1.0,1.0,1.0,1.0,1.0,
Virginia_Norfolk,850 GLENROCK RD,NORFOLK,Virginia,23502-3702,(757) 459-4471,1.0,1.0,1.0,1.0,1.0,1.0,
Virginia_Pentagon City,1200 S FERN ST,ARLINGTON,Virginia,22202-2862,(703) 413-2324,1.0,,1.0,1.0,1.0,1.0,
Virginia_Potomac Mills,2700 POTOMAC MILLS CIRCLE,WOODBRIDGE,Virginia,22192-4653,(703) 490-7410,1.0,1.0,1.0,1.0,1.0,1.0,
Virginia_Sterling,21398 PRICE CASCADES PLZ,STERLING,Virginia,20164-6606,(703) 406-6500,1.0,1.0,1.0,1.0,1.0,1.0,
Virginia_W Henrico,9650 W BROAD ST,GLEN ALLEN,Virginia,23060-4115,(804) 727-3050,1.0,1.0,1.0,1.0,1.0,1.0,
Virginia_Winchester,251 FRONT ROYAL PIKE,WINCHESTER,Virginia,22602-7319,(540) 722-9626,1.0,1.0,1.0,1.0,1.0,1.0,
Vermont_Colchester,218 LOWER MOUNTAIN VIEW DR,COLCHESTER,Vermont,05446-5830,(802) 318-2000,1.0,1.0,1.0,1.0,1.0,1.0,
Washington_Aurora Village,1175 N 205TH ST,SHORELINE,Washington,98133-3206,(206) 546-0480,1.0,1.0,1.0,1.0,1.0,1.0,
Washington_Bellingham,4125 ARCTIC AVE,BELLINGHAM,Washington,98226-9325,(360) 671-6947,1.0,1.0,1.0,1.0,1.0,1.0,
Washington_Bonney Lake,9801 204TH AVE E,BONNEY LAKE,Washington,98391-6559,(253) 750-8120,1.0,1.0,1.0,1.0,1.0,1.0,
Washington_Burlington WA,1725 S BURLINGTON BLVD,BURLINGTON,Washington,98233-3223,(360) 757-5703,1.0,1.0,1.0,1.0,1.0,1.0,
Washington_Clarkston,301 5TH ST,CLARKSTON,Washington,99403-1860,(509) 758-1800,1.0,1.0,1.0,1.0,1.0,1.0,
Washington_Covington,27520 COVINGTON WAY SE,COVINGTON,Washington,98042-9100,(253) 796-1004,1.0,1.0,1.0,1.0,1.0,1.0,
Washington_E Vancouver WA,19610 SE 1ST ST,CAMAS,Washington,98607-7472,(360) 258-6221,1.0,1.0,1.0,1.0,1.0,1.0,
Washington_Everett WA,10200 19TH AVE SE,EVERETT,Washington,98208-4256,(425) 379-7451,1.0,1.0,1.0,1.0,1.0,1.0,
Washington_Federal Way,35100 ENCHANTED PKWY S,FEDERAL WAY,Washington,98003-8314,(253) 874-3652,1.0,1.0,1.0,1.0,1.0,1.0,
Washington_Fife Business Center,3900 20TH ST E,FIFE,Washington,98424-1818,(253) 719-1950,,,,,,,1.0
Washington_Gig Harbor,10990 HARBOR HILL DR NW,GIG HARBOR,Washington,98332-8945,(253) 853-8600,1.0,1.0,1.0,1.0,1.0,1.0,
Washington_Issaquah,1801 10TH AVE NW,ISSAQUAH,Washington,98027-5384,(425) 313-0965,1.0,1.0,1.0,1.0,1.0,1.0,
Washington_Kennewick,8505 W. GAGE BLVD,KENNEWICK,Washington,99336-8120,(509) 737-8861,1.0,1.0,1.0,1.0,1.0,1.0,
Washington_Kirkland,8629 120TH AVE NE,KIRKLAND,Washington,98033-5865,(425) 827-1693,1.0,1.0,1.0,1.0,1.0,1.0,
Washington_Lacey,1470 MARVIN RD NE,LACEY,Washington,98516-3870,(360) 412-3500,1.0,1.0,1.0,1.0,1.0,1.0,
Washington_Lynnwood,18109 33RD AVE W,LYNNWOOD,Washington,98037-4840,(425) 697-1062,1.0,1.0,1.0,1.0,1.0,1.0,
Washington_Lynnwood Business Center,19105 HIGHWAY 99,LYNNWOOD,Washington,98036-5228,(425) 640-7700,,1.0,,,,,1.0
Washington_Marysville,16616 TWIN LAKES AVE,MARYSVILLE,Washington,98271-4701,(360) 652-4532,1.0,1.0,1.0,1.0,1.0,1.0,
Washington_N Spokane,12020 N NEWPORT HWY,SPOKANE,Washington,99218-1655,(509) 466-9668,1.0,1.0,1.0,1.0,1.0,1.0,
Washington_Puyallup,1201 39TH AVE SW,PUYALLUP,Washington,98373-3803,(253) 445-7543,1.0,1.0,1.0,1.0,1.0,1.0,
Washington_Redmond,7725 188TH AVE NE,REDMOND,Washington,98052-6088,(425) 406-5382,1.0,1.0,1.0,1.0,1.0,1.0,
Washington_Seattle,4401 4TH AVE S,SEATTLE,Washington,98134-2389,(206) 622-3136,1.0,1.0,1.0,1.0,1.0,1.0,
Washington_Sequim,955 W WASHINGTON ST,SEQUIM,Washington,98382-3266,(360) 406-2025,1.0,1.0,1.0,1.0,1.0,1.0,
Washington_Silverdale,10000 MICKELBERRY RD NW,SILVERDALE,Washington,98383-8302,(360) 692-9213,1.0,1.0,1.0,1.0,1.0,1.0,
Washington_Spokane,5601 E SPRAGUE AVE,SPOKANE,Washington,99212-0826,(509) 842-0003,1.0,1.0,1.0,1.0,1.0,1.0,
Washington_Tacoma,2219 S 37TH ST,TACOMA,Washington,98409-7473,(253) 475-5595,1.0,1.0,1.0,1.0,1.0,1.0,
Washington_Tukwila,400 COSTCO DR STE 150,TUKWILA,Washington,98188-4808,(206) 575-9191,1.0,1.0,1.0,1.0,1.0,1.0,
Washington_Tumwater,5500 LITTLEROCK RD SW,TUMWATER,Washington,98512-7363,(360) 357-6580,1.0,1.0,1.0,1.0,1.0,1.0,
Washington_Union Gap,2310 LONGFIBRE RD,UNION GAP,Washington,98903-1513,(509) 454-5242,1.0,1.0,1.0,1.0,1.0,1.0,
Washington_Vancouver WA,6720 NE 84TH ST,VANCOUVER,Washington,98665-2016,(360) 828-2262,1.0,1.0,1.0,1.0,1.0,1.0,
Washington_Wenatchee,375 HIGHLINE DR,EAST WENATCHEE,Washington,98802-5344,(509) 886-0593,1.0,1.0,1.0,1.0,1.0,1.0,
Washington_Woodinville,24008 SNOHOMISH WOODINVILLE RD,WOODINVILLE,Washington,98072-9743,(425) 806-7700,1.0,1.0,1.0,1.0,1.0,1.0,
Wisconsin_Bellevue (Green Bay),2355 COSTCO WAY,BELLEVUE,Wisconsin,54311-9206,(920) 469-5700,1.0,1.0,1.0,1.0,1.0,1.0,
Wisconsin_Grafton,950 PORT WASHINGTON RD,GRAFTON,Wisconsin,53024-9201,(262) 204-1050,1.0,1.0,1.0,1.0,1.0,1.0,
Wisconsin_Grand Chute,5401 W. INTEGRITY WAY,GRAND CHUTE,Wisconsin,54913-8602,(920) 815-4500,1.0,1.0,1.0,1.0,1.0,1.0,
Wisconsin_Menomonee Falls,W162N9235 PERSHING AVE,MENOMONEE FALLS,Wisconsin,53051-4026,(262) 946-6060,1.0,1.0,1.0,1.0,1.0,1.0,
Wisconsin_Middleton,2150 DEMING WAY,MIDDLETON,Wisconsin,53562-5507,(608) 824-3950,1.0,1.0,1.0,1.0,1.0,1.0,
Wisconsin_New Berlin,15300 WEST GRANGE AVE,NEW BERLIN,Wisconsin,53151-7909,(262) 599-7030,1.0,1.0,1.0,1.0,1.0,1.0,
Wisconsin_Pewaukee,443 PEWAUKEE RD,PEWAUKEE,Wisconsin,53072-5886,(262) 956-6700,1.0,1.0,1.0,1.0,1.0,1.0,
Wisconsin_Pleasant Prairie,7707 94TH AVE,PLEASANT PRAIRIE,Wisconsin,53158-1955,(262) 597-1027,1.0,1.0,1.0,1.0,1.0,1.0,
Wisconsin_Sun Prairie,2850 HOEPKER RD,SUN PRAIRIE,Wisconsin,53590-9334,(608) 825-4001,1.0,1.0,1.0,1.0,1.0,1.0,
West Virginia_Bellevue (Green Bay),2355 COSTCO WAY,BELLEVUE,West Virginia,54311-9206,(920) 469-5700,1.0,1.0,1.0,1.0,1.0,1.0,
West Virginia_Grafton,950 PORT WASHINGTON RD,GRAFTON,West Virginia,53024-9201,(262) 204-1050,1.0,1.0,1.0,1.0,1.0,1.0,
West Virginia_Grand Chute,5401 W. INTEGRITY WAY,GRAND CHUTE,West Virginia,54913-8602,(920) 815-4500,1.0,1.0,1.0,1.0,1.0,1.0,
West Virginia_Menomonee Falls,W162N9235 PERSHING AVE,MENOMONEE FALLS,West Virginia,53051-4026,(262) 946-6060,1.0,1.0,1.0,1.0,1.0,1.0,
West Virginia_Middleton,2150 DEMING WAY,MIDDLETON,West Virginia,53562-5507,(608) 824-3950,1.0,1.0,1.0,1.0,1.0,1.0,
West Virginia_New Berlin,15300 WEST GRANGE AVE,NEW BERLIN,West Virginia,53151-7909,(262) 599-7030,1.0,1.0,1.0,1.0,1.0,1.0,
West Virginia_Pewaukee,443 PEWAUKEE RD,PEWAUKEE,West Virginia,53072-5886,(262) 956-6700,1.0,1.0,1.0,1.0,1.0,1.0,
West Virginia_Pleasant Prairie,7707 94TH AVE,PLEASANT PRAIRIE,West Virginia,53158-1955,(262) 597-1027,1.0,1.0,1.0,1.0,1.0,1.0,
West Virginia_Sun Prairie,2850 HOEPKER RD,SUN PRAIRIE,West Virginia,53590-9334,(608) 825-4001,1.0,1.0,1.0,1.0,1.0,1.0,
Wyoming_Bellevue (Green Bay),2355 COSTCO WAY,BELLEVUE,Wyoming,54311-9206,(920) 469-5700,1.0,1.0,1.0,1.0,1.0,1.0,
Wyoming_Grafton,950 PORT WASHINGTON RD,GRAFTON,Wyoming,53024-9201,(262) 204-1050,1.0,1.0,1.0,1.0,1.0,1.0,
Wyoming_Grand Chute,5401 W. INTEGRITY WAY,GRAND CHUTE,Wyoming,54913-8602,(920) 815-4500,1.0,1.0,1.0,1.0,1.0,1.0,
Wyoming_Menomonee Falls,W162N9235 PERSHING AVE,MENOMONEE FALLS,Wyoming,53051-4026,(262) 946-6060,1.0,1.0,1.0,1.0,1.0,1.0,
Wyoming_Middleton,2150 DEMING WAY,MIDDLETON,Wyoming,53562-5507,(608) 824-3950,1.0,1.0,1.0,1.0,1.0,1.0,
Wyoming_New Berlin,15300 WEST GRANGE AVE,NEW BERLIN,Wyoming,53151-7909,(262) 599-7030,1.0,1.0,1.0,1.0,1.0,1.0,
Wyoming_Pewaukee,443 PEWAUKEE RD,PEWAUKEE,Wyoming,53072-5886,(262) 956-6700,1.0,1.0,1.0,1.0,1.0,1.0,
Wyoming_Pleasant Prairie,7707 94TH AVE,PLEASANT PRAIRIE,Wyoming,53158-1955,(262) 597-1027,1.0,1.0,1.0,1.0,1.0,1.0,
Wyoming_Sun Prairie,2850 HOEPKER RD,SUN PRAIRIE,Wyoming,53590-9334,(608) 825-4001,1.0,1.0,1.0,1.0,1.0,1.0,
